CODIGO;NOMBRE;FECHA;VARIABLE;ABCISADO;VALOR
48017010;LETICIA;16/11/2009;COTA CERO;nan;85.123
48017010;LETICIA;23/09/2011;COTA CERO;nan;80.702
48017010;LETICIA;18/04/2012;COTA CERO;nan;52.202
48017010;LETICIA;25/09/2012;COTA CERO;nan;79.945
48017010;LETICIA;15/11/2013;COTA CERO;nan;77.316
48017010;LETICIA;20/06/2014;COTA CERO;nan;79.857
48017010;LETICIA;16/11/2009;COTA;0;99.851
48017010;LETICIA;16/11/2009;COTA;5;97.572
48017010;LETICIA;16/11/2009;COTA;15.5;95.93
48017010;LETICIA;16/11/2009;COTA;88.5;96.401
48017010;LETICIA;16/11/2009;COTA;118.8;93.318
48017010;LETICIA;16/11/2009;COTA;148.5;92.669
48017010;LETICIA;16/11/2009;COTA;178.5;94.592
48017010;LETICIA;16/11/2009;COTA;198.5;94.764
48017010;LETICIA;16/11/2009;COTA;228.5;91.598
48017010;LETICIA;16/11/2009;COTA;270.5;90.95
48017010;LETICIA;16/11/2009;COTA;270.5;90.226
48017010;LETICIA;16/11/2009;COTA;307.5;88.12
48017010;LETICIA;16/11/2009;COTA;347.5;86.14
48017010;LETICIA;16/11/2009;COTA;387.5;86.14
48017010;LETICIA;16/11/2009;COTA;427.5;84.64
48017010;LETICIA;16/11/2009;COTA;467.5;82.14
48017010;LETICIA;16/11/2009;COTA;507.5;81.14
48017010;LETICIA;16/11/2009;COTA;547.5;81.64
48017010;LETICIA;16/11/2009;COTA;587.5;80.14
48017010;LETICIA;16/11/2009;COTA;627.5;81.64
48017010;LETICIA;16/11/2009;COTA;667.5;81.64
48017010;LETICIA;16/11/2009;COTA;707.5;81.64
48017010;LETICIA;16/11/2009;COTA;747.5;81.64
48017010;LETICIA;16/11/2009;COTA;787.5;82.64
48017010;LETICIA;16/11/2009;COTA;827.5;83.14
48017010;LETICIA;16/11/2009;COTA;867.5;83.14
48017010;LETICIA;16/11/2009;COTA;907.5;83.14
48017010;LETICIA;16/11/2009;COTA;947.5;84.14
48017010;LETICIA;16/11/2009;COTA;987.5;83.14
48017010;LETICIA;16/11/2009;COTA;1027.5;84.14
48017010;LETICIA;16/11/2009;COTA;1067.5;84.14
48017010;LETICIA;16/11/2009;COTA;1107.5;83.64
48017010;LETICIA;16/11/2009;COTA;1147.5;84.64
48017010;LETICIA;16/11/2009;COTA;1187.5;88.12
48017010;LETICIA;16/11/2009;COTA;1192.5;88.536
48017010;LETICIA;16/11/2009;COTA;1207.5;89.932
48017010;LETICIA;23/09/2011;COTA;0;99.95
48017010;LETICIA;23/09/2011;COTA;3;98.055
48017010;LETICIA;23/09/2011;COTA;5;97.37
48017010;LETICIA;23/09/2011;COTA;14.7;95.626
48017010;LETICIA;23/09/2011;COTA;16.8;95.869
48017010;LETICIA;23/09/2011;COTA;89.8;96.03
48017010;LETICIA;23/09/2011;COTA;98.5;94.711
48017010;LETICIA;23/09/2011;COTA;128.5;93.289
48017010;LETICIA;23/09/2011;COTA;193.5;95.079
48017010;LETICIA;23/09/2011;COTA;208.5;93.298
48017010;LETICIA;23/09/2011;COTA;257.5;89.557
48017010;LETICIA;23/09/2011;COTA;291.5;88.526
48017010;LETICIA;23/09/2011;COTA;291.5;88.702
48017010;LETICIA;23/09/2011;COTA;291.5;86.668
48017010;LETICIA;23/09/2011;COTA;321.5;83.482
48017010;LETICIA;23/09/2011;COTA;351.5;83.807
48017010;LETICIA;23/09/2011;COTA;381.5;82.556
48017010;LETICIA;23/09/2011;COTA;411.5;83.04
48017010;LETICIA;23/09/2011;COTA;441.5;83.093
48017010;LETICIA;23/09/2011;COTA;471.5;82.268
48017010;LETICIA;23/09/2011;COTA;501.5;82.241
48017010;LETICIA;23/09/2011;COTA;531.5;81.701
48017010;LETICIA;23/09/2011;COTA;561.5;80.773
48017010;LETICIA;23/09/2011;COTA;591.5;80.705
48017010;LETICIA;23/09/2011;COTA;621.5;80.069
48017010;LETICIA;23/09/2011;COTA;651.5;79.651
48017010;LETICIA;23/09/2011;COTA;681.5;79.248
48017010;LETICIA;23/09/2011;COTA;711.5;79.018
48017010;LETICIA;23/09/2011;COTA;741.5;78.887
48017010;LETICIA;23/09/2011;COTA;771.5;78.97
48017010;LETICIA;23/09/2011;COTA;801.5;78.388
48017010;LETICIA;23/09/2011;COTA;831.5;79.549
48017010;LETICIA;23/09/2011;COTA;861.5;81.746
48017010;LETICIA;23/09/2011;COTA;891.5;82.524
48017010;LETICIA;23/09/2011;COTA;921.5;86.668
48017010;LETICIA;23/09/2011;COTA;951.5;90.526
48017010;LETICIA;25/09/2012;COTA;5;100.062
48017010;LETICIA;25/09/2012;COTA;15;96.585
48017010;LETICIA;25/09/2012;COTA;20;95.851
48017010;LETICIA;25/09/2012;COTA;35;96.163
48017010;LETICIA;25/09/2012;COTA;55;96.203
48017010;LETICIA;25/09/2012;COTA;95;96.267
48017010;LETICIA;25/09/2012;COTA;130;93.224
48017010;LETICIA;25/09/2012;COTA;180;93.921
48017010;LETICIA;25/09/2012;COTA;210;94.198
48017010;LETICIA;25/09/2012;COTA;235;91.415
48017010;LETICIA;25/09/2012;COTA;263;89.987
48017010;LETICIA;25/09/2012;COTA;270;89.787
48017010;LETICIA;25/09/2012;COTA;292;89.085
48017010;LETICIA;25/09/2012;COTA;311;87.881
48017010;LETICIA;25/09/2012;COTA;320.5;85.974
48017010;LETICIA;25/09/2012;COTA;322;85.633
48017010;LETICIA;25/09/2012;COTA;323.5;85.974
48017010;LETICIA;25/09/2012;COTA;353.5;88.095
48017010;LETICIA;25/09/2012;COTA;383.5;87.736
48017010;LETICIA;25/09/2012;COTA;413.5;87.976
48017010;LETICIA;25/09/2012;COTA;474.7;85.525
48017010;LETICIA;25/09/2012;COTA;476.7;84.525
48017010;LETICIA;25/09/2012;COTA;526.7;78.375
48017010;LETICIA;25/09/2012;COTA;586.7;77.725
48017010;LETICIA;25/09/2012;COTA;686.7;78.005
48017010;LETICIA;25/09/2012;COTA;836.7;78.015
48017010;LETICIA;25/09/2012;COTA;1036.7;78.525
48017010;LETICIA;25/09/2012;COTA;1286.7;79.415
48017010;LETICIA;25/09/2012;COTA;1586.7;79.675
48017010;LETICIA;25/09/2012;COTA;1936.7;80.235
48017010;LETICIA;25/09/2012;COTA;2336.7;81.775
48017010;LETICIA;25/09/2012;COTA;2786.7;82.825
48017010;LETICIA;25/09/2012;COTA;3286.7;83.515
48017010;LETICIA;25/09/2012;COTA;3830.7;85.225
48017010;LETICIA;25/09/2012;COTA;3830.7;85.525
48017010;LETICIA;20/06/2014;COTA;0;97.944
48017010;LETICIA;20/06/2014;COTA;5;96.498
48017010;LETICIA;20/06/2014;COTA;24.4;96.928
48017010;LETICIA;20/06/2014;COTA;24.4;96.148
48017010;LETICIA;20/06/2014;COTA;74.4;96.198
48017010;LETICIA;20/06/2014;COTA;92.8;95.958
48017010;LETICIA;20/06/2014;COTA;92.8;95.488
31097010;GUAYARE;16/08/2005;COTA CERO;nan;76.51
31097010;GUAYARE;16/08/2005;COTA;0;92
31097010;GUAYARE;16/08/2005;COTA;0;92.009
31097010;GUAYARE;16/08/2005;COTA;0;91.51
31097010;GUAYARE;16/08/2005;COTA;0;90.512
31097010;GUAYARE;16/08/2005;COTA;8;90.819
31097010;GUAYARE;16/08/2005;COTA;30;84.499
31097010;GUAYARE;16/08/2005;COTA;70;78.259
31097010;GUAYARE;16/08/2005;COTA;120;78.599
31097010;GUAYARE;16/08/2005;COTA;180;78.569
31097010;GUAYARE;16/08/2005;COTA;240;79.069
31097010;GUAYARE;16/08/2005;COTA;320;79.619
31097010;GUAYARE;16/08/2005;COTA;400;80.199
31097010;GUAYARE;16/08/2005;COTA;500;81.059
31097010;GUAYARE;16/08/2005;COTA;600;80.919
31097010;GUAYARE;16/08/2005;COTA;675;80.869
31097010;GUAYARE;16/08/2005;COTA;750;79.419
31097010;GUAYARE;16/08/2005;COTA;825;77.819
31097010;GUAYARE;16/08/2005;COTA;875;76.989
31097010;GUAYARE;16/08/2005;COTA;925;76.319
31097010;GUAYARE;16/08/2005;COTA;975;76.169
31097010;GUAYARE;16/08/2005;COTA;1015;85.969
31097010;GUAYARE;16/08/2005;COTA;1032;90.819
31097010;GUAYARE;16/08/2005;COTA;1032;90.819
31097010;GUAYARE;16/08/2005;COTA;1040;90.819
31097010;GUAYARE;27/07/2006;COTA CERO;nan;76.525
31097010;GUAYARE;27/07/2006;COTA;0;92
31097010;GUAYARE;27/07/2006;COTA;0;92.011
31097010;GUAYARE;27/07/2006;COTA;0;91.525
31097010;GUAYARE;27/07/2006;COTA;15;90.874
31097010;GUAYARE;27/07/2006;COTA;50;87.514
31097010;GUAYARE;27/07/2006;COTA;90;74.174
31097010;GUAYARE;27/07/2006;COTA;140;75.074
31097010;GUAYARE;27/07/2006;COTA;200;77.584
31097010;GUAYARE;27/07/2006;COTA;260;78.624
31097010;GUAYARE;27/07/2006;COTA;320;79.674
31097010;GUAYARE;27/07/2006;COTA;390;79.344
31097010;GUAYARE;27/07/2006;COTA;460;79.124
31097010;GUAYARE;27/07/2006;COTA;530;79.024
31097010;GUAYARE;27/07/2006;COTA;600;78.884
31097010;GUAYARE;27/07/2006;COTA;650;78.504
31097010;GUAYARE;27/07/2006;COTA;700;78.034
31097010;GUAYARE;27/07/2006;COTA;750;78.154
31097010;GUAYARE;27/07/2006;COTA;800;78.474
31097010;GUAYARE;27/07/2006;COTA;850;78.244
31097010;GUAYARE;27/07/2006;COTA;900;77.894
31097010;GUAYARE;27/07/2006;COTA;950;77.834
31097010;GUAYARE;27/07/2006;COTA;1000;77.934
31097010;GUAYARE;27/07/2006;COTA;1050;77.814
31097010;GUAYARE;27/07/2006;COTA;1090;86.454
31097010;GUAYARE;27/07/2006;COTA;1098.36;90.874
31097010;GUAYARE;27/07/2006;COTA;1120;91.086
31097010;GUAYARE;27/07/2006;COTA;1180;91.086
31097010;GUAYARE;27/07/2006;COTA DESB IZQ;nan;91.086
31097010;GUAYARE;15/11/2006;COTA CERO;nan;76.53
31097010;GUAYARE;15/11/2006;COTA;0;92
31097010;GUAYARE;15/11/2006;COTA;39.8;86.18
31097010;GUAYARE;15/11/2006;COTA;50;82.42
31097010;GUAYARE;15/11/2006;COTA;85;74.92
31097010;GUAYARE;15/11/2006;COTA;105;76.68
31097010;GUAYARE;15/11/2006;COTA;130;74.78
31097010;GUAYARE;15/11/2006;COTA;155;75.18
31097010;GUAYARE;15/11/2006;COTA;180;75.98
31097010;GUAYARE;15/11/2006;COTA;220;77.68
31097010;GUAYARE;15/11/2006;COTA;280;78.33
31097010;GUAYARE;15/11/2006;COTA;340;78.9
31097010;GUAYARE;15/11/2006;COTA;410;79.38
31097010;GUAYARE;15/11/2006;COTA;480;79.73
31097010;GUAYARE;15/11/2006;COTA;550;79.45
31097010;GUAYARE;15/11/2006;COTA;620;78.88
31097010;GUAYARE;15/11/2006;COTA;680;78.88
31097010;GUAYARE;15/11/2006;COTA;740;78.1
31097010;GUAYARE;15/11/2006;COTA;800;78.18
31097010;GUAYARE;15/11/2006;COTA;860;78.12
31097010;GUAYARE;15/11/2006;COTA;920;77.94
31097010;GUAYARE;15/11/2006;COTA;980;78.08
31097010;GUAYARE;15/11/2006;COTA;1030.43;86.18
31097010;GUAYARE;15/11/2006;COTA;1032.43;90.184
31097010;GUAYARE;15/11/2006;COTA;1033.93;91.222
31097010;GUAYARE;15/11/2006;COTA DESB IZQ;nan;91.222
31097010;GUAYARE;20/02/2007;COTA CERO;nan;76.53
31097010;GUAYARE;20/02/2007;COTA;0;92
31097010;GUAYARE;20/02/2007;COTA;0;92.012
31097010;GUAYARE;20/02/2007;COTA;35;91.532
31097010;GUAYARE;20/02/2007;COTA;48;86.536
31097010;GUAYARE;20/02/2007;COTA;48;85.546
31097010;GUAYARE;20/02/2007;COTA;51;84.54
31097010;GUAYARE;20/02/2007;COTA;51;83.537
31097010;GUAYARE;20/02/2007;COTA;55;82.536
31097010;GUAYARE;20/02/2007;COTA;55;81.535
31097010;GUAYARE;20/02/2007;COTA;59.2;80.534
31097010;GUAYARE;20/02/2007;COTA;59.2;80.217
31097010;GUAYARE;20/02/2007;COTA;70;76.517
31097010;GUAYARE;20/02/2007;COTA;100;75.567
31097010;GUAYARE;20/02/2007;COTA;150;75.817
31097010;GUAYARE;20/02/2007;COTA;200;76.007
31097010;GUAYARE;20/02/2007;COTA;235;76.867
31097010;GUAYARE;20/02/2007;COTA;270;77.817
31097010;GUAYARE;20/02/2007;COTA;320;78.717
31097010;GUAYARE;20/02/2007;COTA;370;78.757
31097010;GUAYARE;20/02/2007;COTA;450;79.077
31097010;GUAYARE;20/02/2007;COTA;550;79.467
31097010;GUAYARE;20/02/2007;COTA;600;79.087
31097010;GUAYARE;20/02/2007;COTA;650;78.737
31097010;GUAYARE;20/02/2007;COTA;700;78.507
31097010;GUAYARE;20/02/2007;COTA;750;78.267
31097010;GUAYARE;20/02/2007;COTA;780;78.047
31097010;GUAYARE;20/02/2007;COTA;810;77.857
31097010;GUAYARE;20/02/2007;COTA;840;77.877
31097010;GUAYARE;20/02/2007;COTA;870;77.907
31097010;GUAYARE;20/02/2007;COTA;900;77.867
31097010;GUAYARE;20/02/2007;COTA;930;77.847
31097010;GUAYARE;20/02/2007;COTA;960;77.647
31097010;GUAYARE;20/02/2007;COTA;994.05;80.217
31097010;GUAYARE;20/02/2007;COTA;1006.55;83.544
31097010;GUAYARE;20/02/2007;COTA;1013.05;87.204
31097010;GUAYARE;20/02/2007;COTA;1023.05;90.955
31097010;GUAYARE;20/02/2007;COTA;1023.05;90.39
31097010;GUAYARE;20/02/2007;COTA DESB IZQ;nan;90.39
31097010;GUAYARE;15/11/2007;COTA CERO;nan;76.53
31097010;GUAYARE;15/11/2007;COTA;0;92.774
31097010;GUAYARE;15/11/2007;COTA;0;92
31097010;GUAYARE;15/11/2007;COTA;0;92.019
31097010;GUAYARE;15/11/2007;COTA;40;91.53
31097010;GUAYARE;15/11/2007;COTA;55;88.992
31097010;GUAYARE;15/11/2007;COTA;67;85.47
31097010;GUAYARE;15/11/2007;COTA;80;82.35
31097010;GUAYARE;15/11/2007;COTA;112;79.15
31097010;GUAYARE;15/11/2007;COTA;132;75.44
31097010;GUAYARE;15/11/2007;COTA;162;76.19
31097010;GUAYARE;15/11/2007;COTA;202;77.32
31097010;GUAYARE;15/11/2007;COTA;242;77.92
31097010;GUAYARE;15/11/2007;COTA;292;78.81
31097010;GUAYARE;15/11/2007;COTA;352;79.39
31097010;GUAYARE;15/11/2007;COTA;412;80.2
31097010;GUAYARE;15/11/2007;COTA;482;79.97
31097010;GUAYARE;15/11/2007;COTA;552;79.72
31097010;GUAYARE;15/11/2007;COTA;622;80.05
31097010;GUAYARE;15/11/2007;COTA;692;80.21
31097010;GUAYARE;15/11/2007;COTA;752;80.14
31097010;GUAYARE;15/11/2007;COTA;812;79.92
31097010;GUAYARE;15/11/2007;COTA;862;78.85
31097010;GUAYARE;15/11/2007;COTA;912;78.09
31097010;GUAYARE;15/11/2007;COTA;952;77.67
31097010;GUAYARE;15/11/2007;COTA;992;77.44
31097010;GUAYARE;15/11/2007;COTA;1032;77.6
31097010;GUAYARE;15/11/2007;COTA;1062.82;85.47
31097010;GUAYARE;15/11/2007;COTA;1067.82;87.785
31097010;GUAYARE;15/11/2007;COTA;1080;90.907
31097010;GUAYARE;15/11/2007;COTA;1175;90.907
31097010;GUAYARE;15/11/2007;COTA DESB IZQ;nan;90.019
31097010;GUAYARE;15/11/2007;COTA DESB DER;nan;88.99
31097010;GUAYARE;31/03/2008;COTA CERO;nan;76.533
31097010;GUAYARE;31/03/2008;COTA;0;92.786
31097010;GUAYARE;31/03/2008;COTA;0;92.019
31097010;GUAYARE;31/03/2008;COTA;0;92
31097010;GUAYARE;31/03/2008;COTA;0;91.533
31097010;GUAYARE;31/03/2008;COTA;54;89.539
31097010;GUAYARE;31/03/2008;COTA;64;85.531
31097010;GUAYARE;31/03/2008;COTA;74;82.533
31097010;GUAYARE;31/03/2008;COTA;100;80.475
31097010;GUAYARE;31/03/2008;COTA;140;76.805
31097010;GUAYARE;31/03/2008;COTA;180;76.105
31097010;GUAYARE;31/03/2008;COTA;220;75.325
31097010;GUAYARE;31/03/2008;COTA;270;76.765
31097010;GUAYARE;31/03/2008;COTA;340;77.925
31097010;GUAYARE;31/03/2008;COTA;410;79.275
31097010;GUAYARE;31/03/2008;COTA;480;79.325
31097010;GUAYARE;31/03/2008;COTA;580;79.235
31097010;GUAYARE;31/03/2008;COTA;680;79.195
31097010;GUAYARE;31/03/2008;COTA;780;79.115
31097010;GUAYARE;31/03/2008;COTA;830;78.965
31097010;GUAYARE;31/03/2008;COTA;880;78.535
31097010;GUAYARE;31/03/2008;COTA;930;78.095
31097010;GUAYARE;31/03/2008;COTA;980;77.855
31097010;GUAYARE;31/03/2008;COTA;1013;77.715
31097010;GUAYARE;31/03/2008;COTA;1020;80.475
31097010;GUAYARE;31/03/2008;COTA;1025;84.558
31097010;GUAYARE;31/03/2008;COTA;1030;89.068
31097010;GUAYARE;31/03/2008;COTA;1035;90.585
31097010;GUAYARE;31/03/2008;COTA;1150;90.585
31097010;GUAYARE;31/03/2008;COTA DESB IZQ;nan;90.585
31097010;GUAYARE;17/11/2008;COTA CERO;nan;76.532
31097010;GUAYARE;17/11/2008;COTA;0;92.287
31097010;GUAYARE;17/11/2008;COTA;0;92
31097010;GUAYARE;17/11/2008;COTA;0;92.014
31097010;GUAYARE;17/11/2008;COTA;0;91.532
31097010;GUAYARE;17/11/2008;COTA;0;89.532
31097010;GUAYARE;17/11/2008;COTA;0;86.532
31097010;GUAYARE;17/11/2008;COTA;58;86.182
31097010;GUAYARE;17/11/2008;COTA;77;77.082
31097010;GUAYARE;17/11/2008;COTA;107;76.582
31097010;GUAYARE;17/11/2008;COTA;147;75.882
31097010;GUAYARE;17/11/2008;COTA;187;74.582
31097010;GUAYARE;17/11/2008;COTA;237;76.852
31097010;GUAYARE;17/11/2008;COTA;307;79.112
31097010;GUAYARE;17/11/2008;COTA;377;79.902
31097010;GUAYARE;17/11/2008;COTA;447;78.682
31097010;GUAYARE;17/11/2008;COTA;497;79.352
31097010;GUAYARE;17/11/2008;COTA;547;80.022
31097010;GUAYARE;17/11/2008;COTA;597;79.102
31097010;GUAYARE;17/11/2008;COTA;647;78.182
31097010;GUAYARE;17/11/2008;COTA;697;77.432
31097010;GUAYARE;17/11/2008;COTA;747;78.142
31097010;GUAYARE;17/11/2008;COTA;797;78.882
31097010;GUAYARE;17/11/2008;COTA;827;79.752
31097010;GUAYARE;17/11/2008;COTA;857;78.262
31097010;GUAYARE;17/11/2008;COTA;887;77.872
31097010;GUAYARE;17/11/2008;COTA;917;77.882
31097010;GUAYARE;17/11/2008;COTA;947;77.832
31097010;GUAYARE;17/11/2008;COTA;977;77.862
31097010;GUAYARE;17/11/2008;COTA;1007;77.782
31097010;GUAYARE;17/11/2008;COTA;1037;77.792
31097010;GUAYARE;17/11/2008;COTA;1067.3;86.192
31097010;GUAYARE;17/11/2008;COTA;1075;89.582
31097010;GUAYARE;17/11/2008;COTA;1082;90.89
31097010;GUAYARE;17/11/2008;COTA;1097;90.762
31097010;GUAYARE;17/11/2008;COTA DESB IZQ;nan;90.89
31097010;GUAYARE;18/06/2009;COTA CERO;nan;76.535
31097010;GUAYARE;18/06/2009;COTA;0;92.018
31097010;GUAYARE;18/06/2009;COTA;0;92
31097010;GUAYARE;18/06/2009;COTA;0;91.535
31097010;GUAYARE;18/06/2009;COTA;57.6;86.894
31097010;GUAYARE;18/06/2009;COTA;90;81.004
31097010;GUAYARE;18/06/2009;COTA;125;77.544
31097010;GUAYARE;18/06/2009;COTA;155;76.964
31097010;GUAYARE;18/06/2009;COTA;185;75.774
31097010;GUAYARE;18/06/2009;COTA;220;76.444
31097010;GUAYARE;18/06/2009;COTA;260;77.254
31097010;GUAYARE;18/06/2009;COTA;310;78.594
31097010;GUAYARE;18/06/2009;COTA;360;79.764
31097010;GUAYARE;18/06/2009;COTA;410;79.454
31097010;GUAYARE;18/06/2009;COTA;460;78.794
31097010;GUAYARE;18/06/2009;COTA;510;79.254
31097010;GUAYARE;18/06/2009;COTA;560;79.744
31097010;GUAYARE;18/06/2009;COTA;600;79.694
31097010;GUAYARE;18/06/2009;COTA;640;79.734
31097010;GUAYARE;18/06/2009;COTA;680;79.364
31097010;GUAYARE;18/06/2009;COTA;720;78.844
31097010;GUAYARE;18/06/2009;COTA;760;79.364
31097010;GUAYARE;18/06/2009;COTA;800;79.744
31097010;GUAYARE;18/06/2009;COTA;835;79.214
31097010;GUAYARE;18/06/2009;COTA;870;78.864
31097010;GUAYARE;18/06/2009;COTA;903;78.254
31097010;GUAYARE;18/06/2009;COTA;978;77.884
31097010;GUAYARE;18/06/2009;COTA;1018;78.514
31097010;GUAYARE;18/06/2009;COTA;1058;82.194
31097010;GUAYARE;18/06/2009;COTA;1068;86.894
31097010;GUAYARE;18/06/2009;COTA;1078;90.914
31097010;GUAYARE;18/06/2009;COTA;1088;90.827
31097010;GUAYARE;18/06/2009;COTA;1098;89.769
31097010;GUAYARE;18/06/2009;COTA;1120;89.234
31097010;GUAYARE;18/06/2009;COTA DESB IZQ;nan;90.914
31097010;GUAYARE;4/03/2011;COTA CERO;nan;76.536
31097010;GUAYARE;4/03/2011;COTA;0;92
31097010;GUAYARE;4/03/2011;COTA;0;93.143
31097010;GUAYARE;4/03/2011;COTA;0;90.215
31097010;GUAYARE;4/03/2011;COTA;56;88.874
31097010;GUAYARE;4/03/2011;COTA;76;81.474
31097010;GUAYARE;4/03/2011;COTA;95;76.924
31097010;GUAYARE;4/03/2011;COTA;115;75.794
31097010;GUAYARE;4/03/2011;COTA;135;74.754
31097010;GUAYARE;4/03/2011;COTA;165;75.234
31097010;GUAYARE;4/03/2011;COTA;200;75.774
31097010;GUAYARE;4/03/2011;COTA;235;76.754
31097010;GUAYARE;4/03/2011;COTA;270;77.734
31097010;GUAYARE;4/03/2011;COTA;320;78.454
31097010;GUAYARE;4/03/2011;COTA;370;79.304
31097010;GUAYARE;4/03/2011;COTA;430;79.234
31097010;GUAYARE;4/03/2011;COTA;500;79.144
31097010;GUAYARE;4/03/2011;COTA;600;79.994
31097010;GUAYARE;4/03/2011;COTA;700;79.074
31097010;GUAYARE;4/03/2011;COTA;800;79.504
31097010;GUAYARE;4/03/2011;COTA;880;78.954
31097010;GUAYARE;4/03/2011;COTA;920;78.224
31097010;GUAYARE;4/03/2011;COTA;950;77.664
31097010;GUAYARE;4/03/2011;COTA;980;77.294
31097010;GUAYARE;4/03/2011;COTA;1010;77.354
31097010;GUAYARE;4/03/2011;COTA;1040;77.444
31097010;GUAYARE;4/03/2011;COTA;1070;80.204
31097010;GUAYARE;4/03/2011;COTA;1075;81.474
31097010;GUAYARE;4/03/2011;COTA;1083;85.65
31097010;GUAYARE;4/03/2011;COTA;1092;89.927
31097010;GUAYARE;4/03/2011;COTA;1096;90.93
31097010;GUAYARE;4/03/2011;COTA;1121;89.716
31097010;GUAYARE;4/03/2011;COTA;1131;90.122
31097010;GUAYARE;4/03/2011;COTA;1148;88.922
31097010;GUAYARE;4/03/2011;COTA;1195;90.762
31097010;GUAYARE;4/03/2011;COTA;1200;90.987
31097010;GUAYARE;4/03/2011;COTA DESB IZQ;nan;90.93
31097010;GUAYARE;20/11/2009;COTA CERO;nan;76.531
31097010;GUAYARE;20/11/2009;COTA;0;93.223
31097010;GUAYARE;20/11/2009;COTA;0;92
31097010;GUAYARE;20/11/2009;COTA;0;91.531
31097010;GUAYARE;20/11/2009;COTA;0;90.52
31097010;GUAYARE;20/11/2009;COTA;0;90.533
31097010;GUAYARE;20/11/2009;COTA;58;88.455
31097010;GUAYARE;20/11/2009;COTA;71.7;82.86
31097010;GUAYARE;20/11/2009;COTA;80;78.22
31097010;GUAYARE;20/11/2009;COTA;100;76.68
31097010;GUAYARE;20/11/2009;COTA;130;75.15
31097010;GUAYARE;20/11/2009;COTA;160;73.71
31097010;GUAYARE;20/11/2009;COTA;190;74.49
31097010;GUAYARE;20/11/2009;COTA;220;75.51
31097010;GUAYARE;20/11/2009;COTA;260;76.39
31097010;GUAYARE;20/11/2009;COTA;300;77.36
31097010;GUAYARE;20/11/2009;COTA;350;78.02
31097010;GUAYARE;20/11/2009;COTA;400;78.91
31097010;GUAYARE;20/11/2009;COTA;460;79.26
31097010;GUAYARE;20/11/2009;COTA;530;79.81
31097010;GUAYARE;20/11/2009;COTA;600;79.96
31097010;GUAYARE;20/11/2009;COTA;670;80.11
31097010;GUAYARE;20/11/2009;COTA;740;80.36
31097010;GUAYARE;20/11/2009;COTA;800;79.47
31097010;GUAYARE;20/11/2009;COTA;848;78.76
31097010;GUAYARE;20/11/2009;COTA;888;77.72
31097010;GUAYARE;20/11/2009;COTA;928;77.21
31097010;GUAYARE;20/11/2009;COTA;968;77.11
31097010;GUAYARE;20/11/2009;COTA;1008;77.29
31097010;GUAYARE;20/11/2009;COTA;1048;74.46
31097010;GUAYARE;20/11/2009;COTA;1078.68;82.86
31097010;GUAYARE;20/11/2009;COTA;1084;85.569
31097010;GUAYARE;20/11/2009;COTA;1091;86.301
31097010;GUAYARE;20/11/2009;COTA;1095;90.726
31097010;GUAYARE;20/11/2009;COTA;1110;90.483
31097010;GUAYARE;20/11/2009;COTA;1125;89.961
31097010;GUAYARE;20/11/2009;COTA;1150;89.063
31097010;GUAYARE;20/11/2009;COTA DESB IZQ;nan;90.726
31097010;GUAYARE;20/11/2009;COTA CERO;nan;76.531
31097010;GUAYARE;20/11/2009;COTA;0;93.223
31097010;GUAYARE;20/11/2009;COTA;0;92
31097010;GUAYARE;20/11/2009;COTA;0;91.531
31097010;GUAYARE;20/11/2009;COTA;0;90.52
31097010;GUAYARE;20/11/2009;COTA;0;90.533
31097010;GUAYARE;20/11/2009;COTA;58;88.455
31097010;GUAYARE;20/11/2009;COTA;71.7;82.86
31097010;GUAYARE;20/11/2009;COTA;80;78.22
31097010;GUAYARE;20/11/2009;COTA;100;76.68
31097010;GUAYARE;20/11/2009;COTA;130;75.15
31097010;GUAYARE;20/11/2009;COTA;160;73.71
31097010;GUAYARE;20/11/2009;COTA;190;74.49
31097010;GUAYARE;20/11/2009;COTA;220;75.51
31097010;GUAYARE;20/11/2009;COTA;260;76.39
31097010;GUAYARE;20/11/2009;COTA;300;77.36
31097010;GUAYARE;20/11/2009;COTA;350;78.02
31097010;GUAYARE;20/11/2009;COTA;400;78.91
31097010;GUAYARE;20/11/2009;COTA;460;79.26
31097010;GUAYARE;20/11/2009;COTA;530;79.81
31097010;GUAYARE;20/11/2009;COTA;600;79.96
31097010;GUAYARE;20/11/2009;COTA;670;80.11
31097010;GUAYARE;20/11/2009;COTA;740;80.36
31097010;GUAYARE;20/11/2009;COTA;800;79.47
31097010;GUAYARE;20/11/2009;COTA;848;78.76
31097010;GUAYARE;20/11/2009;COTA;888;77.72
31097010;GUAYARE;20/11/2009;COTA;928;77.21
31097010;GUAYARE;20/11/2009;COTA;968;77.11
31097010;GUAYARE;20/11/2009;COTA;1008;77.29
31097010;GUAYARE;20/11/2009;COTA;1048;74.46
31097010;GUAYARE;20/11/2009;COTA;1078.68;82.86
31097010;GUAYARE;20/11/2009;COTA;1084;85.569
31097010;GUAYARE;20/11/2009;COTA;1091;86.301
31097010;GUAYARE;20/11/2009;COTA;1095;90.726
31097010;GUAYARE;20/11/2009;COTA;1110;90.483
31097010;GUAYARE;20/11/2009;COTA;1125;89.961
31097010;GUAYARE;20/11/2009;COTA;1150;89.063
31097010;GUAYARE;20/11/2009;COTA DESB IZQ;nan;90.726
31097010;GUAYARE;20/11/2009;COTA CERO;nan;76.531
31097010;GUAYARE;20/11/2009;COTA;0;93.223
31097010;GUAYARE;20/11/2009;COTA;0;92
31097010;GUAYARE;20/11/2009;COTA;0;91.531
31097010;GUAYARE;20/11/2009;COTA;0;90.52
31097010;GUAYARE;20/11/2009;COTA;0;90.533
31097010;GUAYARE;20/11/2009;COTA;58;88.455
31097010;GUAYARE;20/11/2009;COTA;71.7;82.86
31097010;GUAYARE;20/11/2009;COTA;80;78.22
31097010;GUAYARE;20/11/2009;COTA;100;76.68
31097010;GUAYARE;20/11/2009;COTA;130;75.15
31097010;GUAYARE;20/11/2009;COTA;160;73.71
31097010;GUAYARE;20/11/2009;COTA;190;74.49
31097010;GUAYARE;20/11/2009;COTA;220;75.51
31097010;GUAYARE;20/11/2009;COTA;260;76.39
31097010;GUAYARE;20/11/2009;COTA;300;77.36
31097010;GUAYARE;20/11/2009;COTA;350;78.02
31097010;GUAYARE;20/11/2009;COTA;400;78.91
31097010;GUAYARE;20/11/2009;COTA;460;79.26
31097010;GUAYARE;20/11/2009;COTA;530;79.81
31097010;GUAYARE;20/11/2009;COTA;600;79.96
31097010;GUAYARE;20/11/2009;COTA;670;80.11
31097010;GUAYARE;20/11/2009;COTA;740;80.36
31097010;GUAYARE;20/11/2009;COTA;800;79.47
31097010;GUAYARE;20/11/2009;COTA;848;78.76
31097010;GUAYARE;20/11/2009;COTA;888;77.72
31097010;GUAYARE;20/11/2009;COTA;928;77.21
31097010;GUAYARE;20/11/2009;COTA;968;77.11
31097010;GUAYARE;20/11/2009;COTA;1008;77.29
31097010;GUAYARE;20/11/2009;COTA;1048;74.46
31097010;GUAYARE;20/11/2009;COTA;1078.68;82.86
31097010;GUAYARE;20/11/2009;COTA;1084;85.569
31097010;GUAYARE;20/11/2009;COTA;1091;86.301
31097010;GUAYARE;20/11/2009;COTA;1095;90.726
31097010;GUAYARE;20/11/2009;COTA;1110;90.483
31097010;GUAYARE;20/11/2009;COTA;1125;89.961
31097010;GUAYARE;20/11/2009;COTA;1150;89.063
31097010;GUAYARE;20/11/2009;COTA DESB IZQ;nan;90.726
31097010;GUAYARE;18/11/2011;COTA CERO;nan;76.53
31097010;GUAYARE;18/11/2011;COTA;0;92
31097010;GUAYARE;18/11/2011;COTA;11.8;90.227
31097010;GUAYARE;18/11/2011;COTA;20;89.279
31097010;GUAYARE;18/11/2011;COTA;24;88.34
31097010;GUAYARE;18/11/2011;COTA;26.5;87.5
31097010;GUAYARE;18/11/2011;COTA;30;85.952
31097010;GUAYARE;18/11/2011;COTA;31;86.53
31097010;GUAYARE;18/11/2011;COTA;31;85.762
31097010;GUAYARE;18/11/2011;COTA;32.5;85.29
31097010;GUAYARE;18/11/2011;COTA;32.5;85.29
31097010;GUAYARE;18/11/2011;COTA;50;75.24
31097010;GUAYARE;18/11/2011;COTA;100;75.64
31097010;GUAYARE;18/11/2011;COTA;150;74.24
31097010;GUAYARE;18/11/2011;COTA;200;74.54
31097010;GUAYARE;18/11/2011;COTA;250;75.59
31097010;GUAYARE;18/11/2011;COTA;300;77.96
31097010;GUAYARE;18/11/2011;COTA;350;78.59
31097010;GUAYARE;18/11/2011;COTA;400;78.89
31097010;GUAYARE;18/11/2011;COTA;450;79.49
31097010;GUAYARE;18/11/2011;COTA;500;79.44
31097010;GUAYARE;18/11/2011;COTA;550;79.21
31097010;GUAYARE;18/11/2011;COTA;600;79.02
31097010;GUAYARE;18/11/2011;COTA;650;79.22
31097010;GUAYARE;18/11/2011;COTA;700;79.26
31097010;GUAYARE;18/11/2011;COTA;750;78.47
31097010;GUAYARE;18/11/2011;COTA;800;78.57
31097010;GUAYARE;18/11/2011;COTA;850;77.68
31097010;GUAYARE;18/11/2011;COTA;900;77.69
31097010;GUAYARE;18/11/2011;COTA;940;77.68
31097010;GUAYARE;18/11/2011;COTA;980;76.77
31097010;GUAYARE;18/11/2011;COTA;1020;77.39
31097010;GUAYARE;18/11/2011;COTA;1060;85.29
31097010;GUAYARE;18/11/2011;COTA;1063;86.87
31097010;GUAYARE;18/11/2011;COTA;1065;88.435
31097010;GUAYARE;18/11/2011;COTA;1107;88.35
31097010;GUAYARE;18/11/2011;COTA;1280;88.348
31097010;GUAYARE;18/11/2011;COTA DESB IZQ;nan;88.435
31097010;GUAYARE;4/06/2010;COTA CERO;nan;76.532
31097010;GUAYARE;4/06/2010;COTA;0;92
31097010;GUAYARE;4/06/2010;COTA;0;92.687
31097010;GUAYARE;4/06/2010;COTA;44.6;89.062
31097010;GUAYARE;4/06/2010;COTA;70;79.312
31097010;GUAYARE;4/06/2010;COTA;110;77.052
31097010;GUAYARE;4/06/2010;COTA;150;75.512
31097010;GUAYARE;4/06/2010;COTA;210;77.082
31097010;GUAYARE;4/06/2010;COTA;260;78.752
31097010;GUAYARE;4/06/2010;COTA;310;79.312
31097010;GUAYARE;4/06/2010;COTA;370;79.542
31097010;GUAYARE;4/06/2010;COTA;430;79.702
31097010;GUAYARE;4/06/2010;COTA;490;79.862
31097010;GUAYARE;4/06/2010;COTA;540;79.792
31097010;GUAYARE;4/06/2010;COTA;600;79.812
31097010;GUAYARE;4/06/2010;COTA;655;79.842
31097010;GUAYARE;4/06/2010;COTA;705;79.842
31097010;GUAYARE;4/06/2010;COTA;755;79.932
31097010;GUAYARE;4/06/2010;COTA;805;78.252
31097010;GUAYARE;4/06/2010;COTA;855;76.612
31097010;GUAYARE;4/06/2010;COTA;905;76.782
31097010;GUAYARE;4/06/2010;COTA;955;76.962
31097010;GUAYARE;4/06/2010;COTA;1005;76.632
31097010;GUAYARE;4/06/2010;COTA;1055;76.242
31097010;GUAYARE;4/06/2010;COTA;1075;89.062
31097010;GUAYARE;4/06/2010;COTA;1082;90.895
31097010;GUAYARE;4/06/2010;COTA;1097;90.215
31097010;GUAYARE;4/06/2010;COTA;1112;89.655
31097010;GUAYARE;4/06/2010;COTA;1127;89.182
31097010;GUAYARE;4/06/2010;COTA;1225;91.213
31097010;GUAYARE;4/06/2010;COTA DESB IZQ;nan;90.895
31097010;GUAYARE;12/08/2012;COTA CERO;nan;76.53
31097010;GUAYARE;12/08/2012;COTA;0;92
31097010;GUAYARE;12/08/2012;COTA;0;93.128
31097010;GUAYARE;12/08/2012;COTA;50;91.722
31097010;GUAYARE;12/08/2012;COTA;95;90.698
31097010;GUAYARE;12/08/2012;COTA;100;90.15
31097010;GUAYARE;12/08/2012;COTA;155;84.56
31097010;GUAYARE;12/08/2012;COTA;175;76.68
31097010;GUAYARE;12/08/2012;COTA;205;74.12
31097010;GUAYARE;12/08/2012;COTA;255;75.28
31097010;GUAYARE;12/08/2012;COTA;305;75.98
31097010;GUAYARE;12/08/2012;COTA;355;77.05
31097010;GUAYARE;12/08/2012;COTA;405;78.11
31097010;GUAYARE;12/08/2012;COTA;465;78.52
31097010;GUAYARE;12/08/2012;COTA;525;79.03
31097010;GUAYARE;12/08/2012;COTA;585;79.94
31097010;GUAYARE;12/08/2012;COTA;645;79.72
31097010;GUAYARE;12/08/2012;COTA;705;79.61
31097010;GUAYARE;12/08/2012;COTA;765;79.34
31097010;GUAYARE;12/08/2012;COTA;825;79.08
31097010;GUAYARE;12/08/2012;COTA;875;78.82
31097010;GUAYARE;12/08/2012;COTA;915;78.59
31097010;GUAYARE;12/08/2012;COTA;955;78.39
31097010;GUAYARE;12/08/2012;COTA;995;78.1
31097010;GUAYARE;12/08/2012;COTA;1035;77.88
31097010;GUAYARE;12/08/2012;COTA;1075;78.28
31097010;GUAYARE;12/08/2012;COTA;1115;78.42
31097010;GUAYARE;12/08/2012;COTA;1165;83.63
31097010;GUAYARE;12/08/2012;COTA;1175;90.15
31097010;GUAYARE;12/08/2012;COTA;1175;90.895
31097010;GUAYARE;12/08/2012;COTA;1190;90.215
31097010;GUAYARE;12/08/2012;COTA;1205;89.655
31097010;GUAYARE;12/08/2012;COTA;1220;89.182
31097010;GUAYARE;12/08/2012;COTA;1318;91.213
31097010;GUAYARE;12/08/2012;COTA DESB IZQ;nan;90.895
31097010;GUAYARE;24/11/2012;COTA CERO;nan;76.532
31097010;GUAYARE;24/11/2012;COTA;0;92
31097010;GUAYARE;24/11/2012;COTA;0;91.646
31097010;GUAYARE;24/11/2012;COTA;86;89.742
31097010;GUAYARE;24/11/2012;COTA;106;84.134
31097010;GUAYARE;24/11/2012;COTA;130;76.334
31097010;GUAYARE;24/11/2012;COTA;160;76.664
31097010;GUAYARE;24/11/2012;COTA;190;76.394
31097010;GUAYARE;24/11/2012;COTA;220;76.184
31097010;GUAYARE;24/11/2012;COTA;260;76.954
31097010;GUAYARE;24/11/2012;COTA;300;77.734
31097010;GUAYARE;24/11/2012;COTA;350;78.034
31097010;GUAYARE;24/11/2012;COTA;430;78.294
31097010;GUAYARE;24/11/2012;COTA;500;78.824
31097010;GUAYARE;24/11/2012;COTA;570;79.334
31097010;GUAYARE;24/11/2012;COTA;630;79.494
31097010;GUAYARE;24/11/2012;COTA;690;79.574
31097010;GUAYARE;24/11/2012;COTA;750;78.934
31097010;GUAYARE;24/11/2012;COTA;810;78.434
31097010;GUAYARE;24/11/2012;COTA;860;78.294
31097010;GUAYARE;24/11/2012;COTA;910;78.064
31097010;GUAYARE;24/11/2012;COTA;960;78.044
31097010;GUAYARE;24/11/2012;COTA;1010;78.174
31097010;GUAYARE;24/11/2012;COTA;1060;79.104
31097010;GUAYARE;24/11/2012;COTA;1110;80.144
31097010;GUAYARE;24/11/2012;COTA;1119.5;84.134
31097010;GUAYARE;24/11/2012;COTA;1125;88.073
31097010;GUAYARE;24/11/2012;COTA;1132;90.896
31097010;GUAYARE;24/11/2012;COTA;1137;89.878
31097010;GUAYARE;24/11/2012;COTA;1152;89.796
31097010;GUAYARE;24/11/2012;COTA;1192;90.311
31097010;GUAYARE;24/11/2012;COTA;1197;91.021
31097010;GUAYARE;24/11/2012;COTA;1227;91.179
31097010;GUAYARE;24/11/2012;COTA DESB IZQ;nan;90.896
31097010;GUAYARE;29/08/2013;COTA CERO;nan;76.531
31097010;GUAYARE;29/08/2013;COTA;0;92
31097010;GUAYARE;29/08/2013;COTA;0;91.894
31097010;GUAYARE;29/08/2013;COTA;62;89.934
31097010;GUAYARE;29/08/2013;COTA;125;88.294
31097010;GUAYARE;29/08/2013;COTA;150;81.774
31097010;GUAYARE;29/08/2013;COTA;180;76.134
31097010;GUAYARE;29/08/2013;COTA;226;75.124
31097010;GUAYARE;29/08/2013;COTA;270;76.184
31097010;GUAYARE;29/08/2013;COTA;320;76.964
31097010;GUAYARE;29/08/2013;COTA;380;77.874
31097010;GUAYARE;29/08/2013;COTA;440;78.994
31097010;GUAYARE;29/08/2013;COTA;500;80.004
31097010;GUAYARE;29/08/2013;COTA;560;79.924
31097010;GUAYARE;29/08/2013;COTA;620;79.814
31097010;GUAYARE;29/08/2013;COTA;680;79.704
31097010;GUAYARE;29/08/2013;COTA;730;79.294
31097010;GUAYARE;29/08/2013;COTA;780;78.894
31097010;GUAYARE;29/08/2013;COTA;830;78.484
31097010;GUAYARE;29/08/2013;COTA;880;78.214
31097010;GUAYARE;29/08/2013;COTA;930;77.994
31097010;GUAYARE;29/08/2013;COTA;980;77.574
31097010;GUAYARE;29/08/2013;COTA;1030;77.804
31097010;GUAYARE;29/08/2013;COTA;1080;78.134
31097010;GUAYARE;29/08/2013;COTA;1130;85.784
31097010;GUAYARE;29/08/2013;COTA;1136;89.934
31097010;GUAYARE;29/08/2013;COTA;1136;90.934
31097010;GUAYARE;29/08/2013;COTA;1141;89.878
31097010;GUAYARE;29/08/2013;COTA;1156;89.796
31097010;GUAYARE;29/08/2013;COTA;1172;90.311
31097010;GUAYARE;29/08/2013;COTA;1177;91.021
31097010;GUAYARE;29/08/2013;COTA;1207;91.179
31097010;GUAYARE;19/09/2013;COTA CERO;nan;76.542
31097010;GUAYARE;19/09/2013;COTA;0;92
31097010;GUAYARE;19/09/2013;COTA;0;90.239
31097010;GUAYARE;19/09/2013;COTA;10;89.53
31097010;GUAYARE;19/09/2013;COTA;10;89.53
31097010;GUAYARE;19/09/2013;COTA;39;82.53
31097010;GUAYARE;19/09/2013;COTA;89;76.03
31097010;GUAYARE;19/09/2013;COTA;139;74.49
31097010;GUAYARE;19/09/2013;COTA;189;74.53
31097010;GUAYARE;19/09/2013;COTA;239;76.61
31097010;GUAYARE;19/09/2013;COTA;289;77.53
31097010;GUAYARE;19/09/2013;COTA;339;78.81
31097010;GUAYARE;19/09/2013;COTA;389;78.88
31097010;GUAYARE;19/09/2013;COTA;439;79.97
31097010;GUAYARE;19/09/2013;COTA;489;79.61
31097010;GUAYARE;19/09/2013;COTA;539;80.48
31097010;GUAYARE;19/09/2013;COTA;589;79.31
31097010;GUAYARE;19/09/2013;COTA;639;79.86
31097010;GUAYARE;19/09/2013;COTA;689;79.88
31097010;GUAYARE;19/09/2013;COTA;739;78.21
31097010;GUAYARE;19/09/2013;COTA;789;78.63
31097010;GUAYARE;19/09/2013;COTA;839;78.31
31097010;GUAYARE;19/09/2013;COTA;889;77.53
31097010;GUAYARE;19/09/2013;COTA;939;77.08
31097010;GUAYARE;19/09/2013;COTA;989;76.88
31097010;GUAYARE;19/09/2013;COTA;1039;77.43
31097010;GUAYARE;19/09/2013;COTA;1089;77.53
31097010;GUAYARE;19/09/2013;COTA;1119;89.53
31097010;GUAYARE;19/09/2013;COTA;1122;90.078
31097010;GUAYARE;19/09/2013;COTA;1125;90.902
31097010;GUAYARE;19/09/2013;COTA;1135;90.82
31097010;GUAYARE;19/09/2013;COTA;1140;90.182
31097010;GUAYARE;19/09/2013;COTA;1160;90.076
31097010;GUAYARE;19/09/2013;COTA DESB IZQ;nan;76.542
31097010;GUAYARE;21/11/2014;COTA CERO;nan;76.531
31097010;GUAYARE;21/11/2014;COTA;0;92
31097010;GUAYARE;21/11/2014;COTA;0;90.514
31097010;GUAYARE;21/11/2014;COTA;68;85.864
31097010;GUAYARE;21/11/2014;COTA;90;80.964
31097010;GUAYARE;21/11/2014;COTA;120;73.634
31097010;GUAYARE;21/11/2014;COTA;160;73.334
31097010;GUAYARE;21/11/2014;COTA;210;75.164
31097010;GUAYARE;21/11/2014;COTA;260;76.874
31097010;GUAYARE;21/11/2014;COTA;330;78.624
31097010;GUAYARE;21/11/2014;COTA;400;79.714
31097010;GUAYARE;21/11/2014;COTA;480;79.284
31097010;GUAYARE;21/11/2014;COTA;560;79.104
31097010;GUAYARE;21/11/2014;COTA;630;79.034
31097010;GUAYARE;21/11/2014;COTA;700;79.114
31097010;GUAYARE;21/11/2014;COTA;760;78.824
31097010;GUAYARE;21/11/2014;COTA;820;78.484
31097010;GUAYARE;21/11/2014;COTA;870;78.294
31097010;GUAYARE;21/11/2014;COTA;920;77.914
31097010;GUAYARE;21/11/2014;COTA;970;77.694
31097010;GUAYARE;21/11/2014;COTA;1020;77.654
31097010;GUAYARE;21/11/2014;COTA;1070;79.684
31097010;GUAYARE;21/11/2014;COTA;1092;85.864
31097010;GUAYARE;21/11/2014;COTA;1136;90.934
31097010;GUAYARE;21/11/2014;COTA;1141;89.878
31097010;GUAYARE;21/11/2014;COTA;1156;89.796
31097010;GUAYARE;21/11/2014;COTA;1172;90.311
31097010;GUAYARE;21/11/2014;COTA;1177;91.021
31097010;GUAYARE;21/11/2014;COTA;1207;91.179
31097010;GUAYARE;21/11/2014;COTA DESB IZQ;nan;76.531
31097010;GUAYARE;15/06/2015;COTA CERO;nan;76.535
31097010;GUAYARE;15/06/2015;COTA;0;92
31097010;GUAYARE;15/06/2015;COTA;48;88.855
31097010;GUAYARE;15/06/2015;COTA;70;78.695
31097010;GUAYARE;15/06/2015;COTA;100;75.745
31097010;GUAYARE;15/06/2015;COTA;150;74.885
31097010;GUAYARE;15/06/2015;COTA;200;75.195
31097010;GUAYARE;15/06/2015;COTA;260;77.195
31097010;GUAYARE;15/06/2015;COTA;320;79.105
31097010;GUAYARE;15/06/2015;COTA;380;79.005
31097010;GUAYARE;15/06/2015;COTA;440;79.095
31097010;GUAYARE;15/06/2015;COTA;510;79.405
31097010;GUAYARE;15/06/2015;COTA;580;79.855
31097010;GUAYARE;15/06/2015;COTA;650;79.225
31097010;GUAYARE;15/06/2015;COTA;720;78.845
31097010;GUAYARE;15/06/2015;COTA;790;78.885
31097010;GUAYARE;15/06/2015;COTA;850;78.965
31097010;GUAYARE;15/06/2015;COTA;900;78.605
31097010;GUAYARE;15/06/2015;COTA;950;77.705
31097010;GUAYARE;15/06/2015;COTA;1000;78.105
31097010;GUAYARE;15/06/2015;COTA;1050;78.575
31097010;GUAYARE;15/06/2015;COTA;1085;84.735
31097010;GUAYARE;15/06/2015;COTA;1095;88.855
31097010;GUAYARE;15/06/2015;COTA;1120;90.915
31097010;GUAYARE;15/06/2015;COTA DESB IZQ;nan;90.915
31097010;GUAYARE;23/05/2016;COTA CERO;nan;76.535
31097010;GUAYARE;23/08/2016;COTA CERO;nan;76.523
31097010;GUAYARE;23/08/2016;COTA DESB IZQ;5;90.538
31097010;GUAYARE;23/08/2016;COTA DESB DER;1072.95;90.538
31097010;GUAYARE;23/08/2016;COTA;0;91.523
31097010;GUAYARE;23/08/2016;COTA;5.9;91.188
31097010;GUAYARE;23/08/2016;COTA;5.9;89.738
31097010;GUAYARE;23/08/2016;COTA;51;80.588
31097010;GUAYARE;23/08/2016;COTA;103;75.688
31097010;GUAYARE;23/08/2016;COTA;155;74.368
31097010;GUAYARE;23/08/2016;COTA;207;74.868
31097010;GUAYARE;23/08/2016;COTA;247;76.788
31097010;GUAYARE;23/08/2016;COTA;287;77.488
31097010;GUAYARE;23/08/2016;COTA;327;77.918
31097010;GUAYARE;23/08/2016;COTA;367;78.388
31097010;GUAYARE;23/08/2016;COTA;407;78.488
31097010;GUAYARE;23/08/2016;COTA;447;78.348
31097010;GUAYARE;23/08/2016;COTA;487;78.688
31097010;GUAYARE;23/08/2016;COTA;527;79.408
31097010;GUAYARE;23/08/2016;COTA;567;78.988
31097010;GUAYARE;23/08/2016;COTA;607;77.988
31097010;GUAYARE;23/08/2016;COTA;647;78.788
31097010;GUAYARE;23/08/2016;COTA;687;77.888
31097010;GUAYARE;23/08/2016;COTA;727;76.988
31097010;GUAYARE;23/08/2016;COTA;767;77.188
31097010;GUAYARE;23/08/2016;COTA;807;77.788
31097010;GUAYARE;23/08/2016;COTA;847;77.028
31097010;GUAYARE;23/08/2016;COTA;887;76.988
31097010;GUAYARE;23/08/2016;COTA;947;77.188
31097010;GUAYARE;23/08/2016;COTA;1007;88.588
31097010;GUAYARE;23/08/2016;COTA;1067.95;88.678
31097010;GUAYARE;23/08/2016;COTA;1072.95;90.538
31097010;GUAYARE;21/11/2016;COTA CERO;nan;76.521
31097010;GUAYARE;21/11/2016;COTA DESB IZQ;7;89.521
31097010;GUAYARE;21/11/2016;COTA DESB DER;1163.5;89.521
31097010;GUAYARE;21/11/2016;COTA;7;89.521
31097010;GUAYARE;21/11/2016;COTA;14;84.939
31097010;GUAYARE;21/11/2016;COTA;14;84.939
31097010;GUAYARE;21/11/2016;COTA;20;75.249
31097010;GUAYARE;21/11/2016;COTA;36;73.659
31097010;GUAYARE;21/11/2016;COTA;56;74.029
31097010;GUAYARE;21/11/2016;COTA;106;75.459
31097010;GUAYARE;21/11/2016;COTA;156;76.679
31097010;GUAYARE;21/11/2016;COTA;206;77.879
31097010;GUAYARE;21/11/2016;COTA;256;79.249
31097010;GUAYARE;21/11/2016;COTA;306;78.819
31097010;GUAYARE;21/11/2016;COTA;356;79.329
31097010;GUAYARE;21/11/2016;COTA;406;79.469
31097010;GUAYARE;21/11/2016;COTA;456;79.379
31097010;GUAYARE;21/11/2016;COTA;506;79.409
31097010;GUAYARE;21/11/2016;COTA;556;79.479
31097010;GUAYARE;21/11/2016;COTA;606;78.979
31097010;GUAYARE;21/11/2016;COTA;656;78.729
31097010;GUAYARE;21/11/2016;COTA;706;77.769
31097010;GUAYARE;21/11/2016;COTA;756;78.149
31097010;GUAYARE;21/11/2016;COTA;806;77.779
31097010;GUAYARE;21/11/2016;COTA;856;78.689
31097010;GUAYARE;21/11/2016;COTA;906;77.509
31097010;GUAYARE;21/11/2016;COTA;956;77.949
31097010;GUAYARE;21/11/2016;COTA;1006;77.839
31097010;GUAYARE;21/11/2016;COTA;1056;77.479
31097010;GUAYARE;21/11/2016;COTA;1106;77.519
31097010;GUAYARE;21/11/2016;COTA;1156;84.939
31097010;GUAYARE;21/11/2016;COTA;1163.5;90.198
31097010;GUAYARE;21/11/2016;COTA;1183.5;90.564
31097010;GUAYARE;5/06/2017;COTA CERO;nan;76.522
31097010;GUAYARE;10/10/2017;COTA CERO;nan;76.525
31097010;GUAYARE;10/10/2017;COTA DESB IZQ;116;86.083
31097010;GUAYARE;10/10/2017;COTA DESB DER;1185;86.083
31097010;GUAYARE;10/10/2017;COTA;0;92
31097010;GUAYARE;10/10/2017;COTA;37;92.032
31097010;GUAYARE;10/10/2017;COTA;77;90.522
31097010;GUAYARE;10/10/2017;COTA;97;89.432
31097010;GUAYARE;10/10/2017;COTA;116;86.165
31097010;GUAYARE;10/10/2017;COTA;116;86.165
31097010;GUAYARE;10/10/2017;COTA;137;80.145
31097010;GUAYARE;10/10/2017;COTA;167;75.665
31097010;GUAYARE;10/10/2017;COTA;197;74.745
31097010;GUAYARE;10/10/2017;COTA;237;75.815
31097010;GUAYARE;10/10/2017;COTA;277;77.155
31097010;GUAYARE;10/10/2017;COTA;327;77.815
31097010;GUAYARE;10/10/2017;COTA;397;78.665
31097010;GUAYARE;10/10/2017;COTA;427;78.815
31097010;GUAYARE;10/10/2017;COTA;477;79.075
31097010;GUAYARE;10/10/2017;COTA;527;79.125
31097010;GUAYARE;10/10/2017;COTA;577;79.165
31097010;GUAYARE;10/10/2017;COTA;637;78.845
31097010;GUAYARE;10/10/2017;COTA;397;78.715
31097010;GUAYARE;10/10/2017;COTA;757;78.965
31097010;GUAYARE;10/10/2017;COTA;817;79.345
31097010;GUAYARE;10/10/2017;COTA;867;79.125
31097010;GUAYARE;10/10/2017;COTA;917;79.185
31097010;GUAYARE;10/10/2017;COTA;967;78.995
31097010;GUAYARE;10/10/2017;COTA;1017;79.165
31097010;GUAYARE;10/10/2017;COTA;1067;78.295
31097010;GUAYARE;10/10/2017;COTA;1117;77.995
31097010;GUAYARE;10/10/2017;COTA;1167;80.315
31097010;GUAYARE;10/10/2017;COTA;1177;86.165
31097010;GUAYARE;10/10/2017;COTA;1185;86.083
31097010;GUAYARE;10/10/2017;COTA;1220;85.982
32097010;MAPIRIPAN;23/03/2007;COTA CERO;nan;146.925
32097010;MAPIRIPAN;23/03/2007;COTA;0;158
32097010;MAPIRIPAN;23/03/2007;COTA;17;149.988
32097010;MAPIRIPAN;23/03/2007;COTA;28;146.868
32097010;MAPIRIPAN;23/03/2007;COTA;38;144.988
32097010;MAPIRIPAN;23/03/2007;COTA;48;142.638
32097010;MAPIRIPAN;23/03/2007;COTA;58;142.398
32097010;MAPIRIPAN;23/03/2007;COTA;68;141.988
32097010;MAPIRIPAN;23/03/2007;COTA;78;142.138
32097010;MAPIRIPAN;23/03/2007;COTA;88;142.228
32097010;MAPIRIPAN;23/03/2007;COTA;98;142.548
32097010;MAPIRIPAN;23/03/2007;COTA;108;142.858
32097010;MAPIRIPAN;23/03/2007;COTA;118;142.918
32097010;MAPIRIPAN;23/03/2007;COTA;128;142.988
32097010;MAPIRIPAN;23/03/2007;COTA;138;143.238
32097010;MAPIRIPAN;23/03/2007;COTA;148;143.968
32097010;MAPIRIPAN;23/03/2007;COTA;158;144.778
32097010;MAPIRIPAN;23/03/2007;COTA;168;145.338
32097010;MAPIRIPAN;23/03/2007;COTA;178;146.018
32097010;MAPIRIPAN;23/03/2007;COTA;188;147.438
32097010;MAPIRIPAN;23/03/2007;COTA;198;147.798
32097010;MAPIRIPAN;23/03/2007;COTA;208;148.238
32097010;MAPIRIPAN;23/03/2007;COTA;218;149.158
32097010;MAPIRIPAN;23/03/2007;COTA;238;149.988
32097010;MAPIRIPAN;23/03/2007;COTA;250;154.932
32097010;MAPIRIPAN;9/11/2008;COTA CERO;nan;146.769
32097010;MAPIRIPAN;9/11/2008;COTA DESB DER;288;156.336
32097010;MAPIRIPAN;9/11/2008;COTA;0;158.005
32097010;MAPIRIPAN;9/11/2008;COTA;2;157.961
32097010;MAPIRIPAN;9/11/2008;COTA;4;157.65
32097010;MAPIRIPAN;9/11/2008;COTA;7;156.336
32097010;MAPIRIPAN;9/11/2008;COTA;17;151.716
32097010;MAPIRIPAN;9/11/2008;COTA;29;145.656
32097010;MAPIRIPAN;9/11/2008;COTA;41;142.626
32097010;MAPIRIPAN;9/11/2008;COTA;53;141.236
32097010;MAPIRIPAN;9/11/2008;COTA;65;140.886
32097010;MAPIRIPAN;9/11/2008;COTA;77;140.726
32097010;MAPIRIPAN;9/11/2008;COTA;89;141.316
32097010;MAPIRIPAN;9/11/2008;COTA;101;142.356
32097010;MAPIRIPAN;9/11/2008;COTA;113;143.546
32097010;MAPIRIPAN;9/11/2008;COTA;125;142.606
32097010;MAPIRIPAN;9/11/2008;COTA;137;144.296
32097010;MAPIRIPAN;9/11/2008;COTA;152;143.676
32097010;MAPIRIPAN;9/11/2008;COTA;167;143.926
32097010;MAPIRIPAN;9/11/2008;COTA;182;146.806
32097010;MAPIRIPAN;9/11/2008;COTA;197;146.566
32097010;MAPIRIPAN;9/11/2008;COTA;212;146.556
32097010;MAPIRIPAN;9/11/2008;COTA;227;148.286
32097010;MAPIRIPAN;9/11/2008;COTA;242;148.636
32097010;MAPIRIPAN;9/11/2008;COTA;257;150.456
32097010;MAPIRIPAN;9/11/2008;COTA;272;152.486
32097010;MAPIRIPAN;9/11/2008;COTA;287.6;156.336
32097010;MAPIRIPAN;9/11/2008;COTA;288;156.336
32097010;MAPIRIPAN;12/07/2008;COTA CERO;nan;138.761
32097010;MAPIRIPAN;12/07/2008;COTA DESB IZQ;1;149.993
32097010;MAPIRIPAN;12/07/2008;COTA DESB DER;240;149.251
32097010;MAPIRIPAN;12/07/2008;COTA;0;158
32097010;MAPIRIPAN;12/07/2008;COTA;0;151.685
32097010;MAPIRIPAN;12/07/2008;COTA;0;149.993
32097010;MAPIRIPAN;12/07/2008;COTA;0;149.761
32097010;MAPIRIPAN;12/07/2008;COTA;5;149.08
32097010;MAPIRIPAN;12/07/2008;COTA;5;149.08
32097010;MAPIRIPAN;12/07/2008;COTA;20;144.58
32097010;MAPIRIPAN;12/07/2008;COTA;33;136.98
32097010;MAPIRIPAN;12/07/2008;COTA;43;136.03
32097010;MAPIRIPAN;12/07/2008;COTA;53;135.46
32097010;MAPIRIPAN;12/07/2008;COTA;63;134.41
32097010;MAPIRIPAN;12/07/2008;COTA;73;132.08
32097010;MAPIRIPAN;12/07/2008;COTA;83;132.22
32097010;MAPIRIPAN;12/07/2008;COTA;93;132.43
32097010;MAPIRIPAN;12/07/2008;COTA;103;132.78
32097010;MAPIRIPAN;12/07/2008;COTA;113;133.33
32097010;MAPIRIPAN;12/07/2008;COTA;123;133.76
32097010;MAPIRIPAN;12/07/2008;COTA;133;134.83
32097010;MAPIRIPAN;12/07/2008;COTA;145;135.52
32097010;MAPIRIPAN;12/07/2008;COTA;157;136.5
32097010;MAPIRIPAN;12/07/2008;COTA;169;138.23
32097010;MAPIRIPAN;12/07/2008;COTA;181;138.44
32097010;MAPIRIPAN;12/07/2008;COTA;193;138.71
32097010;MAPIRIPAN;12/07/2008;COTA;205;139.31
32097010;MAPIRIPAN;12/07/2008;COTA;217;140.94
32097010;MAPIRIPAN;12/07/2008;COTA;229;142.73
32097010;MAPIRIPAN;12/07/2008;COTA;241;149.08
32097010;MAPIRIPAN;12/07/2008;COTA;241;149.251
32097010;MAPIRIPAN;12/07/2008;COTA;246.5;149.25
32097010;MAPIRIPAN;14/02/2009;COTA CERO;nan;146.769
32097010;MAPIRIPAN;14/02/2009;COTA DESB DER;230;156.113
32097010;MAPIRIPAN;14/02/2009;COTA;0;158.005
32097010;MAPIRIPAN;14/02/2009;COTA;2.3;157.969
32097010;MAPIRIPAN;14/02/2009;COTA;5.3;156.817
32097010;MAPIRIPAN;14/02/2009;COTA;9;155.292
32097010;MAPIRIPAN;14/02/2009;COTA;13.7;153.974
32097010;MAPIRIPAN;14/02/2009;COTA;13.9;153.559
32097010;MAPIRIPAN;14/02/2009;COTA;17.9;152.642
32097010;MAPIRIPAN;14/02/2009;COTA;17.9;152.762
32097010;MAPIRIPAN;14/02/2009;COTA;21.4;150.253
32097010;MAPIRIPAN;14/02/2009;COTA;33.4;145.383
32097010;MAPIRIPAN;14/02/2009;COTA;43.4;143.693
32097010;MAPIRIPAN;14/02/2009;COTA;50.4;141.933
32097010;MAPIRIPAN;14/02/2009;COTA;57.4;140.523
32097010;MAPIRIPAN;14/02/2009;COTA;64.4;140.553
32097010;MAPIRIPAN;14/02/2009;COTA;71.4;141.193
32097010;MAPIRIPAN;14/02/2009;COTA;78.4;141.223
32097010;MAPIRIPAN;14/02/2009;COTA;85.4;141.483
32097010;MAPIRIPAN;14/02/2009;COTA;92.4;141.643
32097010;MAPIRIPAN;14/02/2009;COTA;99.4;142.093
32097010;MAPIRIPAN;14/02/2009;COTA;106.4;142.443
32097010;MAPIRIPAN;14/02/2009;COTA;113.4;142.823
32097010;MAPIRIPAN;14/02/2009;COTA;120.4;143.463
32097010;MAPIRIPAN;14/02/2009;COTA;127.4;144.143
32097010;MAPIRIPAN;14/02/2009;COTA;134.4;144.943
32097010;MAPIRIPAN;14/02/2009;COTA;141.4;145.263
32097010;MAPIRIPAN;14/02/2009;COTA;151.4;145.993
32097010;MAPIRIPAN;14/02/2009;COTA;161.4;146.443
32097010;MAPIRIPAN;14/02/2009;COTA;171.4;146.963
32097010;MAPIRIPAN;14/02/2009;COTA;181.4;147.553
32097010;MAPIRIPAN;14/02/2009;COTA;191.4;148.053
32097010;MAPIRIPAN;14/02/2009;COTA;201.4;148.153
32097010;MAPIRIPAN;14/02/2009;COTA;216.4;150.253
32097010;MAPIRIPAN;14/02/2009;COTA;220.4;150.954
32097010;MAPIRIPAN;14/02/2009;COTA;224.4;152.467
32097010;MAPIRIPAN;14/02/2009;COTA;227.4;153.079
32097010;MAPIRIPAN;14/02/2009;COTA;227.4;154.402
32097010;MAPIRIPAN;14/02/2009;COTA;227.4;154.416
32097010;MAPIRIPAN;14/02/2009;COTA;228.3;155.014
32097010;MAPIRIPAN;14/02/2009;COTA;228.3;156.116
32097010;MAPIRIPAN;14/02/2009;COTA;230.3;156.113
32097010;MAPIRIPAN;23/07/2009;COTA CERO;nan;146.767
32097010;MAPIRIPAN;23/07/2009;COTA DESB DER;157.083;240
32097010;MAPIRIPAN;23/07/2009;COTA;0;158
32097010;MAPIRIPAN;23/07/2009;COTA;0;158.171
32097010;MAPIRIPAN;23/07/2009;COTA;4;156.406
32097010;MAPIRIPAN;23/07/2009;COTA;10;149.576
32097010;MAPIRIPAN;23/07/2009;COTA;20;147.406
32097010;MAPIRIPAN;23/07/2009;COTA;30;145.106
32097010;MAPIRIPAN;23/07/2009;COTA;38;144.006
32097010;MAPIRIPAN;23/07/2009;COTA;46;142.306
32097010;MAPIRIPAN;23/07/2009;COTA;54;141.706
32097010;MAPIRIPAN;23/07/2009;COTA;62;141.386
32097010;MAPIRIPAN;23/07/2009;COTA;70;141.256
32097010;MAPIRIPAN;23/07/2009;COTA;78;141.156
32097010;MAPIRIPAN;23/07/2009;COTA;88;141.926
32097010;MAPIRIPAN;23/07/2009;COTA;98;142.546
32097010;MAPIRIPAN;23/07/2009;COTA;108;142.786
32097010;MAPIRIPAN;23/07/2009;COTA;118;143.246
32097010;MAPIRIPAN;23/07/2009;COTA;130;143.456
32097010;MAPIRIPAN;23/07/2009;COTA;142;143.966
32097010;MAPIRIPAN;23/07/2009;COTA;155;146.146
32097010;MAPIRIPAN;23/07/2009;COTA;170;146.716
32097010;MAPIRIPAN;23/07/2009;COTA;185;147.906
32097010;MAPIRIPAN;23/07/2009;COTA;200;149.056
32097010;MAPIRIPAN;23/07/2009;COTA;215;150.646
32097010;MAPIRIPAN;23/07/2009;COTA;225;152.356
32097010;MAPIRIPAN;23/07/2009;COTA;238.5;156.406
32097010;MAPIRIPAN;23/07/2009;COTA;240;157.083
32097010;MAPIRIPAN;23/07/2009;COTA;260;157.148
32097010;MAPIRIPAN;29/03/2010;COTA CERO;nan;146.765
32097010;MAPIRIPAN;29/03/2010;COTA DESB DER;241;157.151
32097010;MAPIRIPAN;29/03/2010;COTA;0;158
32097010;MAPIRIPAN;29/03/2010;COTA;0;159.145
32097010;MAPIRIPAN;29/03/2010;COTA;25;150.703
32097010;MAPIRIPAN;29/03/2010;COTA;32;145.583
32097010;MAPIRIPAN;29/03/2010;COTA;38;143.453
32097010;MAPIRIPAN;29/03/2010;COTA;44;142.703
32097010;MAPIRIPAN;29/03/2010;COTA;50;141.933
32097010;MAPIRIPAN;29/03/2010;COTA;57;142.083
32097010;MAPIRIPAN;29/03/2010;COTA;64;142.173
32097010;MAPIRIPAN;29/03/2010;COTA;72;142.453
32097010;MAPIRIPAN;29/03/2010;COTA;80;142.833
32097010;MAPIRIPAN;29/03/2010;COTA;87;142.933
32097010;MAPIRIPAN;29/03/2010;COTA;94;143.063
32097010;MAPIRIPAN;29/03/2010;COTA;102;143.293
32097010;MAPIRIPAN;29/03/2010;COTA;110;143.753
32097010;MAPIRIPAN;29/03/2010;COTA;117;143.693
32097010;MAPIRIPAN;29/03/2010;COTA;124;143.673
32097010;MAPIRIPAN;29/03/2010;COTA;132;143.703
32097010;MAPIRIPAN;29/03/2010;COTA;140;144.273
32097010;MAPIRIPAN;29/03/2010;COTA;148;144.853
32097010;MAPIRIPAN;29/03/2010;COTA;157;146.263
32097010;MAPIRIPAN;29/03/2010;COTA;167;146.493
32097010;MAPIRIPAN;29/03/2010;COTA;180;146.973
32097010;MAPIRIPAN;29/03/2010;COTA;193;147.853
32097010;MAPIRIPAN;29/03/2010;COTA;206;148.283
32097010;MAPIRIPAN;29/03/2010;COTA;217;148.763
32097010;MAPIRIPAN;29/03/2010;COTA;224;150.703
32097010;MAPIRIPAN;29/03/2010;COTA;231;154.014
32097010;MAPIRIPAN;29/03/2010;COTA;241;157.151
32097010;MAPIRIPAN;29/03/2010;COTA;280;157.291
32097010;MAPIRIPAN;18/02/2011;COTA CERO;nan;146.77
32097010;MAPIRIPAN;18/02/2011;COTA DESB DER;238.3;152.772
32097010;MAPIRIPAN;18/02/2011;COTA;0;158.067
32097010;MAPIRIPAN;18/02/2011;COTA;1.3;158.053
32097010;MAPIRIPAN;18/02/2011;COTA;6.3;156.29
32097010;MAPIRIPAN;18/02/2011;COTA;11.3;154.639
32097010;MAPIRIPAN;18/02/2011;COTA;16.3;152.914
32097010;MAPIRIPAN;18/02/2011;COTA;21.3;150.875
32097010;MAPIRIPAN;18/02/2011;COTA;23;149.986
32097010;MAPIRIPAN;18/02/2011;COTA;23;149.586
32097010;MAPIRIPAN;18/02/2011;COTA;28;147.976
32097010;MAPIRIPAN;18/02/2011;COTA;36;144.946
32097010;MAPIRIPAN;18/02/2011;COTA;43;144.446
32097010;MAPIRIPAN;18/02/2011;COTA;50;143.426
32097010;MAPIRIPAN;18/02/2011;COTA;55;142.466
32097010;MAPIRIPAN;18/02/2011;COTA;60;141.946
32097010;MAPIRIPAN;18/02/2011;COTA;65;141.176
32097010;MAPIRIPAN;18/02/2011;COTA;70;140.946
32097010;MAPIRIPAN;18/02/2011;COTA;75;141.206
32097010;MAPIRIPAN;18/02/2011;COTA;80;141.266
32097010;MAPIRIPAN;18/02/2011;COTA;85;141.476
32097010;MAPIRIPAN;18/02/2011;COTA;90;141.566
32097010;MAPIRIPAN;18/02/2011;COTA;95;141.986
32097010;MAPIRIPAN;18/02/2011;COTA;100;141.936
32097010;MAPIRIPAN;18/02/2011;COTA;105;142.166
32097010;MAPIRIPAN;18/02/2011;COTA;110;142.246
32097010;MAPIRIPAN;18/02/2011;COTA;118;140.046
32097010;MAPIRIPAN;18/02/2011;COTA;126;143.676
32097010;MAPIRIPAN;18/02/2011;COTA;134;144.466
32097010;MAPIRIPAN;18/02/2011;COTA;144;145.386
32097010;MAPIRIPAN;18/02/2011;COTA;154;146.126
32097010;MAPIRIPAN;18/02/2011;COTA;164;147.176
32097010;MAPIRIPAN;18/02/2011;COTA;174;147.766
32097010;MAPIRIPAN;18/02/2011;COTA;184;148.576
32097010;MAPIRIPAN;18/02/2011;COTA;194;148.566
32097010;MAPIRIPAN;18/02/2011;COTA;204;148.596
32097010;MAPIRIPAN;18/02/2011;COTA;214;149.386
32097010;MAPIRIPAN;18/02/2011;COTA;224.6;149.986
32097010;MAPIRIPAN;12/07/2013;COTA CERO;nan;146.76
32097010;MAPIRIPAN;12/07/2013;COTA DESB DER;235.3;157.271
32097010;MAPIRIPAN;12/07/2013;COTA;0;158
32097010;MAPIRIPAN;12/07/2013;COTA;0;157.963
32097010;MAPIRIPAN;12/07/2013;COTA;2.2;157.952
32097010;MAPIRIPAN;12/07/2013;COTA;5.8;155.955
32097010;MAPIRIPAN;12/07/2013;COTA;7.8;155.051
32097010;MAPIRIPAN;12/07/2013;COTA;7.8;154.151
32097010;MAPIRIPAN;12/07/2013;COTA;38;144.001
32097010;MAPIRIPAN;12/07/2013;COTA;47;142.451
32097010;MAPIRIPAN;12/07/2013;COTA;56;141.071
32097010;MAPIRIPAN;12/07/2013;COTA;65;139.311
32097010;MAPIRIPAN;12/07/2013;COTA;74;138.651
32097010;MAPIRIPAN;12/07/2013;COTA;83;138.841
32097010;MAPIRIPAN;12/07/2013;COTA;92;139.071
32097010;MAPIRIPAN;12/07/2013;COTA;101;139.631
32097010;MAPIRIPAN;12/07/2013;COTA;110;140.521
32097010;MAPIRIPAN;12/07/2013;COTA;119;140.871
32097010;MAPIRIPAN;12/07/2013;COTA;128;141.991
32097010;MAPIRIPAN;12/07/2013;COTA;137;142.201
32097010;MAPIRIPAN;12/07/2013;COTA;146;143.091
32097010;MAPIRIPAN;12/07/2013;COTA;155;144.281
32097010;MAPIRIPAN;12/07/2013;COTA;164;145.131
32097010;MAPIRIPAN;12/07/2013;COTA;173;145.631
32097010;MAPIRIPAN;12/07/2013;COTA;182;145.781
32097010;MAPIRIPAN;12/07/2013;COTA;191;145.981
32097010;MAPIRIPAN;12/07/2013;COTA;200;146.021
32097010;MAPIRIPAN;12/07/2013;COTA;209;146.051
32097010;MAPIRIPAN;12/07/2013;COTA;218;150.471
32097010;MAPIRIPAN;12/07/2013;COTA;227;154.451
32097010;MAPIRIPAN;12/07/2013;COTA;227;155.072
32097010;MAPIRIPAN;12/07/2013;COTA;230.3;156.74
32097010;MAPIRIPAN;12/07/2013;COTA;235.3;157.271
32097010;MAPIRIPAN;6/09/2013;COTA CERO;nan;146.764
32097010;MAPIRIPAN;6/09/2013;COTA DESB DER;nan;158.162
32097010;MAPIRIPAN;6/09/2013;COTA;0;158
32097010;MAPIRIPAN;6/09/2013;COTA;16.7;153.625
32097010;MAPIRIPAN;6/09/2013;COTA;22.7;148.025
32097010;MAPIRIPAN;6/09/2013;COTA;37.7;147.455
32097010;MAPIRIPAN;6/09/2013;COTA;52.7;146.725
32097010;MAPIRIPAN;6/09/2013;COTA;66.7;146.125
32097010;MAPIRIPAN;6/09/2013;COTA;80.7;145.365
32097010;MAPIRIPAN;6/09/2013;COTA;93.7;144.325
32097010;MAPIRIPAN;6/09/2013;COTA;105.7;143.355
32097010;MAPIRIPAN;6/09/2013;COTA;116.7;142.605
32097010;MAPIRIPAN;6/09/2013;COTA;127.7;141.825
32097010;MAPIRIPAN;6/09/2013;COTA;138.7;141.355
32097010;MAPIRIPAN;6/09/2013;COTA;149.7;140.825
32097010;MAPIRIPAN;6/09/2013;COTA;159.7;140.585
32097010;MAPIRIPAN;6/09/2013;COTA;169.7;140.175
32097010;MAPIRIPAN;6/09/2013;COTA;179.7;140.175
32097010;MAPIRIPAN;6/09/2013;COTA;189.7;140.705
32097010;MAPIRIPAN;6/09/2013;COTA;199.7;142.015
32097010;MAPIRIPAN;6/09/2013;COTA;209.7;142.575
32097010;MAPIRIPAN;6/09/2013;COTA;219.7;145.825
32097010;MAPIRIPAN;6/09/2013;COTA;229.7;148.655
32097010;MAPIRIPAN;6/09/2013;COTA;234.7;153.625
32097010;MAPIRIPAN;6/09/2013;COTA;242.7;157.145
32097010;MAPIRIPAN;6/09/2013;COTA;280;157.291
32097010;MAPIRIPAN;21/06/2014;COTA CERO;nan;146.679
32097010;MAPIRIPAN;21/06/2014;COTA DESB DER;244;157.063
32097010;MAPIRIPAN;21/06/2014;COTA;0;158.005
32097010;MAPIRIPAN;21/06/2014;COTA;0;158.76
32097010;MAPIRIPAN;21/06/2014;COTA;0;157.1
32097010;MAPIRIPAN;21/06/2014;COTA;5;156.769
32097010;MAPIRIPAN;21/06/2014;COTA;17;147.669
32097010;MAPIRIPAN;21/06/2014;COTA;26;146.819
32097010;MAPIRIPAN;21/06/2014;COTA;34;144.459
32097010;MAPIRIPAN;21/06/2014;COTA;42;141.529
32097010;MAPIRIPAN;21/06/2014;COTA;50;139.109
32097010;MAPIRIPAN;21/06/2014;COTA;60;138.869
32097010;MAPIRIPAN;21/06/2014;COTA;70;140.379
32097010;MAPIRIPAN;21/06/2014;COTA;80;142.789
32097010;MAPIRIPAN;21/06/2014;COTA;90;142.519
32097010;MAPIRIPAN;21/06/2014;COTA;101;142.269
32097010;MAPIRIPAN;21/06/2014;COTA;112;142.069
32097010;MAPIRIPAN;21/06/2014;COTA;124;142.709
32097010;MAPIRIPAN;21/06/2014;COTA;136;143.719
32097010;MAPIRIPAN;21/06/2014;COTA;149;144.319
32097010;MAPIRIPAN;21/06/2014;COTA;162;145.049
32097010;MAPIRIPAN;21/06/2014;COTA;175;146.379
32097010;MAPIRIPAN;21/06/2014;COTA;189;146.469
32097010;MAPIRIPAN;21/06/2014;COTA;203;146.629
32097010;MAPIRIPAN;21/06/2014;COTA;218;147.999
32097010;MAPIRIPAN;21/06/2014;COTA;233;150.139
32097010;MAPIRIPAN;21/06/2014;COTA;243;156.769
32097010;MAPIRIPAN;21/06/2014;COTA;244;157.063
32097010;MAPIRIPAN;17/10/2014;COTA CERO;nan;146.757
32097010;MAPIRIPAN;17/10/2014;COTA DESB DER;243.3;157.567
32097010;MAPIRIPAN;17/10/2014;COTA;0;158.005
32097010;MAPIRIPAN;17/10/2014;COTA;4;156.849
32097010;MAPIRIPAN;17/10/2014;COTA;7;155.573
32097010;MAPIRIPAN;17/10/2014;COTA;8.3;155.074
32097010;MAPIRIPAN;17/10/2014;COTA;19;146.394
32097010;MAPIRIPAN;17/10/2014;COTA;29;143.814
32097010;MAPIRIPAN;17/10/2014;COTA;39;142.844
32097010;MAPIRIPAN;17/10/2014;COTA;49;140.934
32097010;MAPIRIPAN;17/10/2014;COTA;59;139.964
32097010;MAPIRIPAN;17/10/2014;COTA;69;138.814
32097010;MAPIRIPAN;17/10/2014;COTA;79;138.994
32097010;MAPIRIPAN;17/10/2014;COTA;89;139.334
32097010;MAPIRIPAN;17/10/2014;COTA;99;139.514
32097010;MAPIRIPAN;17/10/2014;COTA;109;141.034
32097010;MAPIRIPAN;17/10/2014;COTA;119;141.894
32097010;MAPIRIPAN;17/10/2014;COTA;129;142.864
32097010;MAPIRIPAN;17/10/2014;COTA;139;143.894
32097010;MAPIRIPAN;17/10/2014;COTA;149;144.494
32097010;MAPIRIPAN;17/10/2014;COTA;161;144.774
32097010;MAPIRIPAN;17/10/2014;COTA;173;145.104
32097010;MAPIRIPAN;17/10/2014;COTA;185;146.054
32097010;MAPIRIPAN;17/10/2014;COTA;197;146.354
32097010;MAPIRIPAN;17/10/2014;COTA;209;146.384
32097010;MAPIRIPAN;17/10/2014;COTA;221;147.044
32097010;MAPIRIPAN;17/10/2014;COTA;233.3;154.574
32097010;MAPIRIPAN;17/10/2014;COTA;233.3;155.107
32097010;MAPIRIPAN;17/10/2014;COTA;243.3;157.567
32097010;MAPIRIPAN;17/10/2014;COTA;253.3;157.342
32097010;MAPIRIPAN;12/02/2015;COTA CERO;nan;146.776
32097010;MAPIRIPAN;12/02/2015;COTA DESB DER;259;157.189
32097010;MAPIRIPAN;12/02/2015;COTA;0;158.005
32097010;MAPIRIPAN;12/02/2015;COTA;20;151.216
32097010;MAPIRIPAN;12/02/2015;COTA;29;147.666
32097010;MAPIRIPAN;12/02/2015;COTA;39;144.716
32097010;MAPIRIPAN;12/02/2015;COTA;49;143.266
32097010;MAPIRIPAN;12/02/2015;COTA;59;141.916
32097010;MAPIRIPAN;12/02/2015;COTA;69;141.946
32097010;MAPIRIPAN;12/02/2015;COTA;79;141.866
32097010;MAPIRIPAN;12/02/2015;COTA;89;141.976
32097010;MAPIRIPAN;12/02/2015;COTA;99;142.216
32097010;MAPIRIPAN;12/02/2015;COTA;111;142.446
32097010;MAPIRIPAN;12/02/2015;COTA;124;142.926
32097010;MAPIRIPAN;12/02/2015;COTA;139;143.606
32097010;MAPIRIPAN;12/02/2015;COTA;154;144.446
32097010;MAPIRIPAN;12/02/2015;COTA;169;145.856
32097010;MAPIRIPAN;12/02/2015;COTA;187;146.396
32097010;MAPIRIPAN;12/02/2015;COTA;205;147.096
32097010;MAPIRIPAN;12/02/2015;COTA;225;147.566
32097010;MAPIRIPAN;12/02/2015;COTA;245;148.356
32097010;MAPIRIPAN;12/02/2015;COTA;258;151.216
32097010;MAPIRIPAN;12/02/2015;COTA;265;154.369
32097010;MAPIRIPAN;12/02/2015;COTA;269;157.189
32097010;MAPIRIPAN;2/07/2015;COTA CERO;nan;146.774
32097010;MAPIRIPAN;2/07/2015;COTA DESB DER;249;157.314
32097010;MAPIRIPAN;2/07/2015;COTA;0;158.005
32097010;MAPIRIPAN;2/07/2015;COTA;5;157.314
32097010;MAPIRIPAN;2/07/2015;COTA;11;151.684
32097010;MAPIRIPAN;2/07/2015;COTA;20;147.764
32097010;MAPIRIPAN;2/07/2015;COTA;29;146.914
32097010;MAPIRIPAN;2/07/2015;COTA;38;144.554
32097010;MAPIRIPAN;2/07/2015;COTA;47;141.624
32097010;MAPIRIPAN;2/07/2015;COTA;56;139.204
32097010;MAPIRIPAN;2/07/2015;COTA;65;138.964
32097010;MAPIRIPAN;2/07/2015;COTA;74;140.474
32097010;MAPIRIPAN;2/07/2015;COTA;83;142.884
32097010;MAPIRIPAN;2/07/2015;COTA;92;142.614
32097010;MAPIRIPAN;2/07/2015;COTA;101;142.364
32097010;MAPIRIPAN;2/07/2015;COTA;121;142.164
32097010;MAPIRIPAN;2/07/2015;COTA;130;142.264
32097010;MAPIRIPAN;2/07/2015;COTA;139;140.204
32097010;MAPIRIPAN;2/07/2015;COTA;148;142.784
32097010;MAPIRIPAN;2/07/2015;COTA;157;143.744
32097010;MAPIRIPAN;2/07/2015;COTA;166;143.114
32097010;MAPIRIPAN;2/07/2015;COTA;175;144.554
32097010;MAPIRIPAN;2/07/2015;COTA;184;145.274
32097010;MAPIRIPAN;2/07/2015;COTA;193;146.084
32097010;MAPIRIPAN;2/07/2015;COTA;201;146.634
32097010;MAPIRIPAN;2/07/2015;COTA;210;148.534
32097010;MAPIRIPAN;2/07/2015;COTA;222;150.334
32097010;MAPIRIPAN;2/07/2015;COTA;231;153.024
32097010;MAPIRIPAN;2/07/2015;COTA;240;154.974
32097010;MAPIRIPAN;2/07/2015;COTA;249;157.174
32097010;MAPIRIPAN;2/07/2015;COTA;249;157.174
32097010;MAPIRIPAN;2/07/2015;COTA;249;157.314
32097010;MAPIRIPAN;11/10/2015;COTA CERO;nan;146.773
32097010;MAPIRIPAN;11/10/2015;COTA DESB DER;242.2;157.038
32097010;MAPIRIPAN;11/10/2015;COTA;0;158.005
32097010;MAPIRIPAN;11/10/2015;COTA;7;156.391
32097010;MAPIRIPAN;11/10/2015;COTA;12;154.801
32097010;MAPIRIPAN;11/10/2015;COTA;17;153.303
32097010;MAPIRIPAN;11/10/2015;COTA;20;152.088
32097010;MAPIRIPAN;11/10/2015;COTA;20;151.788
32097010;MAPIRIPAN;11/10/2015;COTA;27;147.838
32097010;MAPIRIPAN;11/10/2015;COTA;34;145.188
32097010;MAPIRIPAN;11/10/2015;COTA;41;144.228
32097010;MAPIRIPAN;11/10/2015;COTA;48;142.588
32097010;MAPIRIPAN;11/10/2015;COTA;55;140.638
32097010;MAPIRIPAN;11/10/2015;COTA;62;139.868
32097010;MAPIRIPAN;11/10/2015;COTA;69;140.228
32097010;MAPIRIPAN;11/10/2015;COTA;76;140.208
32097010;MAPIRIPAN;11/10/2015;COTA;83;140.348
32097010;MAPIRIPAN;11/10/2015;COTA;90;140.288
32097010;MAPIRIPAN;11/10/2015;COTA;97;140.588
32097010;MAPIRIPAN;11/10/2015;COTA;104;140.888
32097010;MAPIRIPAN;11/10/2015;COTA;114;141.488
32097010;MAPIRIPAN;11/10/2015;COTA;124;141.788
32097010;MAPIRIPAN;11/10/2015;COTA;134;142.808
32097010;MAPIRIPAN;11/10/2015;COTA;144;143.308
32097010;MAPIRIPAN;11/10/2015;COTA;154;144.828
32097010;MAPIRIPAN;11/10/2015;COTA;164;144.788
32097010;MAPIRIPAN;11/10/2015;COTA;174;144.938
32097010;MAPIRIPAN;11/10/2015;COTA;184;145.338
32097010;MAPIRIPAN;11/10/2015;COTA;194;146.938
32097010;MAPIRIPAN;11/10/2015;COTA;204;146.188
32097010;MAPIRIPAN;11/10/2015;COTA;214;146.728
32097010;MAPIRIPAN;11/10/2015;COTA;224;148.288
32097010;MAPIRIPAN;11/10/2015;COTA;230.2;152.102
32097010;MAPIRIPAN;11/10/2015;COTA;232.2;154.324
32097010;MAPIRIPAN;11/10/2015;COTA;237.2;155.702
32097010;MAPIRIPAN;11/10/2015;COTA;242.2;157.036
32097010;MAPIRIPAN;27/05/2016;COTA CERO;nan;146.771
32097010;MAPIRIPAN;27/05/2016;COTA DESB DER;3;157.397
32097010;MAPIRIPAN;27/05/2016;COTA DESB IZQ;237;157.397
32097010;MAPIRIPAN;27/05/2016;COTA;2;157.771
32097010;MAPIRIPAN;27/05/2016;COTA;6.6;156.171
32097010;MAPIRIPAN;27/05/2016;COTA;6.6;156.171
32097010;MAPIRIPAN;27/05/2016;COTA;9;151.181
32097010;MAPIRIPAN;27/05/2016;COTA;19;147.761
32097010;MAPIRIPAN;27/05/2016;COTA;29;146.911
32097010;MAPIRIPAN;27/05/2016;COTA;39;144.551
32097010;MAPIRIPAN;27/05/2016;COTA;49;141.621
32097010;MAPIRIPAN;27/05/2016;COTA;59;139.201
32097010;MAPIRIPAN;27/05/2016;COTA;69;138.961
32097010;MAPIRIPAN;27/05/2016;COTA;79;142.881
32097010;MAPIRIPAN;27/05/2016;COTA;89;142.915
32097010;MAPIRIPAN;27/05/2016;COTA;99;142.361
32097010;MAPIRIPAN;27/05/2016;COTA;109;142.161
32097010;MAPIRIPAN;27/05/2016;COTA;119;142.261
32097010;MAPIRIPAN;27/05/2016;COTA;129;140.201
32097010;MAPIRIPAN;27/05/2016;COTA;139;142.781
32097010;MAPIRIPAN;27/05/2016;COTA;149;143.741
32097010;MAPIRIPAN;27/05/2016;COTA;159;143.111
32097010;MAPIRIPAN;27/05/2016;COTA;169;144.551
32097010;MAPIRIPAN;27/05/2016;COTA;179;146.941
32097010;MAPIRIPAN;27/05/2016;COTA;189;147.671
32097010;MAPIRIPAN;27/05/2016;COTA;199;149.671
32097010;MAPIRIPAN;27/05/2016;COTA;209;149.931
32097010;MAPIRIPAN;27/05/2016;COTA;219;150.151
32097010;MAPIRIPAN;27/05/2016;COTA;231;156.171
32097010;MAPIRIPAN;27/05/2016;COTA;237;157.397
32097010;MAPIRIPAN;27/05/2016;COTA;244;157.387
32097010;MAPIRIPAN;1/09/2016;COTA CERO;nan;146.766
32097010;MAPIRIPAN;1/09/2016;COTA DESB DER;3;157.238
32097010;MAPIRIPAN;1/09/2016;COTA DESB IZQ;255;157.238
32097010;MAPIRIPAN;1/09/2016;COTA;0;158.763
32097010;MAPIRIPAN;1/09/2016;COTA;13;153.944
32097010;MAPIRIPAN;1/09/2016;COTA;13;153.944
32097010;MAPIRIPAN;1/09/2016;COTA;18;147.244
32097010;MAPIRIPAN;1/09/2016;COTA;24;144.614
32097010;MAPIRIPAN;1/09/2016;COTA;34;143.494
32097010;MAPIRIPAN;1/09/2016;COTA;44;141.974
32097010;MAPIRIPAN;1/09/2016;COTA;54;141.614
32097010;MAPIRIPAN;1/09/2016;COTA;64;140.944
32097010;MAPIRIPAN;1/09/2016;COTA;76;141.134
32097010;MAPIRIPAN;1/09/2016;COTA;88;141.274
32097010;MAPIRIPAN;1/09/2016;COTA;101;141.654
32097010;MAPIRIPAN;1/09/2016;COTA;115;142.244
32097010;MAPIRIPAN;1/09/2016;COTA;129;143.074
32097010;MAPIRIPAN;1/09/2016;COTA;144;143.644
32097010;MAPIRIPAN;1/09/2016;COTA;157;144.114
32097010;MAPIRIPAN;1/09/2016;COTA;169;144.654
32097010;MAPIRIPAN;1/09/2016;COTA;181;145.474
32097010;MAPIRIPAN;1/09/2016;COTA;195;146.114
32097010;MAPIRIPAN;1/09/2016;COTA;213;146.874
32097010;MAPIRIPAN;1/09/2016;COTA;233;147.474
32097010;MAPIRIPAN;1/09/2016;COTA;248;153.944
32097010;MAPIRIPAN;1/09/2016;COTA;255;157.238
32097010;MAPIRIPAN;23/11/2016;COTA CERO;nan;146.766
32097010;MAPIRIPAN;23/11/2016;COTA DESB DER;4;156.923
32097010;MAPIRIPAN;23/11/2016;COTA DESB IZQ;247.45;156.923
32097010;MAPIRIPAN;23/11/2016;COTA;1.9;158.118
32097010;MAPIRIPAN;23/11/2016;COTA;8.9;155.715
32097010;MAPIRIPAN;23/11/2016;COTA;17.8;152.67
32097010;MAPIRIPAN;23/11/2016;COTA;17.8;152.57
32097010;MAPIRIPAN;23/11/2016;COTA;26;145.62
32097010;MAPIRIPAN;23/11/2016;COTA;35;143.65
32097010;MAPIRIPAN;23/11/2016;COTA;44;142.02
32097010;MAPIRIPAN;23/11/2016;COTA;53;140.57
32097010;MAPIRIPAN;23/11/2016;COTA;62;140.12
32097010;MAPIRIPAN;23/11/2016;COTA;71;140.17
32097010;MAPIRIPAN;23/11/2016;COTA;80;140.66
32097010;MAPIRIPAN;23/11/2016;COTA;89;140.57
32097010;MAPIRIPAN;23/11/2016;COTA;98;141.47
32097010;MAPIRIPAN;23/11/2016;COTA;107;142.26
32097010;MAPIRIPAN;23/11/2016;COTA;116;142.26
32097010;MAPIRIPAN;23/11/2016;COTA;125;143.92
32097010;MAPIRIPAN;23/11/2016;COTA;134;144.25
32097010;MAPIRIPAN;23/11/2016;COTA;143;144.94
32097010;MAPIRIPAN;23/11/2016;COTA;152;145.14
32097010;MAPIRIPAN;23/11/2016;COTA;161;146.19
32097010;MAPIRIPAN;23/11/2016;COTA;170;146.55
32097010;MAPIRIPAN;23/11/2016;COTA;182;147.17
32097010;MAPIRIPAN;23/11/2016;COTA;194;147.37
32097010;MAPIRIPAN;23/11/2016;COTA;206;147.26
32097010;MAPIRIPAN;23/11/2016;COTA;218;150.77
32097010;MAPIRIPAN;23/11/2016;COTA;230;152.42
32097010;MAPIRIPAN;23/11/2016;COTA;231.45;153.255
32097010;MAPIRIPAN;23/11/2016;COTA;232.45;153.595
32097010;MAPIRIPAN;23/11/2016;COTA;232.85;154.136
32097010;MAPIRIPAN;23/11/2016;COTA;237.45;156.762
32097010;MAPIRIPAN;23/11/2016;COTA;247.45;156.923
32097010;MAPIRIPAN;15/03/2017;COTA CERO;nan;146.77
32097010;MAPIRIPAN;15/03/2017;COTA DESB IZQ;0;157.264
32097010;MAPIRIPAN;15/03/2017;COTA DESB DER;258;157.264
32097010;MAPIRIPAN;15/03/2017;COTA ;0;157.77
32097010;MAPIRIPAN;15/03/2017;COTA ;14;151.162
32097010;MAPIRIPAN;15/03/2017;COTA ;14;151.162
32097010;MAPIRIPAN;15/03/2017;COTA ;19;146.742
32097010;MAPIRIPAN;15/03/2017;COTA ;27;144.862
32097010;MAPIRIPAN;15/03/2017;COTA ;35;142.562
32097010;MAPIRIPAN;15/03/2017;COTA ;43;142.612
32097010;MAPIRIPAN;15/03/2017;COTA ;51;142.662
32097010;MAPIRIPAN;15/03/2017;COTA ;60;142.592
32097010;MAPIRIPAN;15/03/2017;COTA ;69;142.532
32097010;MAPIRIPAN;15/03/2017;COTA ;78;142.762
32097010;MAPIRIPAN;15/03/2017;COTA ;93;143.612
32097010;MAPIRIPAN;15/03/2017;COTA ;108;144.322
32097010;MAPIRIPAN;15/03/2017;COTA ;123;145.182
32097010;MAPIRIPAN;15/03/2017;COTA ;143;146.062
32097010;MAPIRIPAN;15/03/2017;COTA ;163;147.152
32097010;MAPIRIPAN;15/03/2017;COTA ;183;147.532
32097010;MAPIRIPAN;15/03/2017;COTA ;203;148.062
32097010;MAPIRIPAN;15/03/2017;COTA ;223;148.312
32097010;MAPIRIPAN;15/03/2017;COTA ;238;151.162
32097010;MAPIRIPAN;15/03/2017;COTA ;238;156.026
32097010;MAPIRIPAN;15/03/2017;COTA ;258;157.264
32097010;MAPIRIPAN;14/06/2017;COTA CERO;nan;146.769
32097010;MAPIRIPAN;14/06/2017;COTA DESB IZQ;0;157.367
32097010;MAPIRIPAN;14/06/2017;COTA DESB DER;237.1;157.367
32097010;MAPIRIPAN;14/06/2017;COTA;0;157.335
32097010;MAPIRIPAN;14/06/2017;COTA;7.4;155.578
32097010;MAPIRIPAN;14/06/2017;COTA;7.4;154.328
32097010;MAPIRIPAN;14/06/2017;COTA;18;148.998
32097010;MAPIRIPAN;14/06/2017;COTA;28;145.468
32097010;MAPIRIPAN;14/06/2017;COTA;37;144.378
32097010;MAPIRIPAN;14/06/2017;COTA;46;142.078
32097010;MAPIRIPAN;14/06/2017;COTA;55;141.098
32097010;MAPIRIPAN;14/06/2017;COTA;64;141.358
32097010;MAPIRIPAN;14/06/2017;COTA;73;140.218
32097010;MAPIRIPAN;14/06/2017;COTA;82;139.328
32097010;MAPIRIPAN;14/06/2017;COTA;91;140.958
32097010;MAPIRIPAN;14/06/2017;COTA;100;141.328
32097010;MAPIRIPAN;14/06/2017;COTA;109;141.868
32097010;MAPIRIPAN;14/06/2017;COTA;118;141.928
32097010;MAPIRIPAN;14/06/2017;COTA;127;143.178
32097010;MAPIRIPAN;14/06/2017;COTA;136;143.958
32097010;MAPIRIPAN;14/06/2017;COTA;145;145.628
32097010;MAPIRIPAN;14/06/2017;COTA;154;145.988
32097010;MAPIRIPAN;14/06/2017;COTA;163;145.778
32097010;MAPIRIPAN;14/06/2017;COTA;172;146.568
32097010;MAPIRIPAN;14/06/2017;COTA;181;147.338
32097010;MAPIRIPAN;14/06/2017;COTA;190;148.278
32097010;MAPIRIPAN;14/06/2017;COTA;199;148.578
32097010;MAPIRIPAN;14/06/2017;COTA;214;147.478
32097010;MAPIRIPAN;14/06/2017;COTA;229.8;154.078
32097010;MAPIRIPAN;14/06/2017;COTA;229.8;155.6
32097010;MAPIRIPAN;14/06/2017;COTA;232.1;156.858
32097010;MAPIRIPAN;14/06/2017;COTA;237.1;157.367
47017160;PTE TEXAS;13/02/2017;COTA CERO;nan;86.32
47017160;PTE TEXAS;13/02/2017;COTA;0;95.373
47017160;PTE TEXAS;13/02/2017;COTA;5;94.9995
47017160;PTE TEXAS;13/02/2017;COTA;8;94.6986
47017160;PTE TEXAS;13/02/2017;COTA;12;93.0745
47017160;PTE TEXAS;13/02/2017;COTA;16;91.7435
47017160;PTE TEXAS;13/02/2017;COTA;17;91.0475
47017160;PTE TEXAS;13/02/2017;COTA;19;89.815
47017160;PTE TEXAS;13/02/2017;COTA;21;87.805
47017160;PTE TEXAS;13/02/2017;COTA;25.5;87.131
47017160;PTE TEXAS;13/02/2017;COTA;25.5;87.11
47017160;PTE TEXAS;13/02/2017;COTA;27.5;85.91
47017160;PTE TEXAS;13/02/2017;COTA;27.9;84.94
47017160;PTE TEXAS;13/02/2017;COTA;32;84.41
47017160;PTE TEXAS;13/02/2017;COTA;32.9;84.46
47017160;PTE TEXAS;13/02/2017;COTA;37.3;83.41
47017160;PTE TEXAS;13/02/2017;COTA;41.5;82.86
47017160;PTE TEXAS;13/02/2017;COTA;42.2;82.91
47017160;PTE TEXAS;13/02/2017;COTA;45.5;82.51
47017160;PTE TEXAS;13/02/2017;COTA;47.9;82.46
47017160;PTE TEXAS;13/02/2017;COTA;48.4;82.61
47017160;PTE TEXAS;13/02/2017;COTA;51.7;83.49
47017160;PTE TEXAS;13/02/2017;COTA;52.2;83.56
47017160;PTE TEXAS;13/02/2017;COTA;53.5;83.51
47017160;PTE TEXAS;13/02/2017;COTA;57.7;82.61
47017160;PTE TEXAS;13/02/2017;COTA;61;82.41
47017160;PTE TEXAS;13/02/2017;COTA;71.1;82.81
47017160;PTE TEXAS;13/02/2017;COTA;93.5;83.11
47017160;PTE TEXAS;13/02/2017;COTA;96.8;83.46
47017160;PTE TEXAS;13/02/2017;COTA;101.4;83.47
47017160;PTE TEXAS;13/02/2017;COTA;105;85.39
47017160;PTE TEXAS;13/02/2017;COTA;107.5;85.61
47017160;PTE TEXAS;13/02/2017;COTA;124.2;84.71
47017160;PTE TEXAS;13/02/2017;COTA;124.5;84.68
47017160;PTE TEXAS;13/02/2017;COTA;126.5;84.56
47017160;PTE TEXAS;13/02/2017;COTA;129.9;84.61
47017160;PTE TEXAS;13/02/2017;COTA;131;87.11
47017160;PTE TEXAS;13/02/2017;COTA;131;87.09
47017160;PTE TEXAS;13/02/2017;COTA;134;88.517
47017160;PTE TEXAS;13/02/2017;COTA;135.5;88.951
47017160;PTE TEXAS;13/02/2017;COTA;135.5;90.03
47017160;PTE TEXAS;13/02/2017;COTA;140.5;91.751
47017160;PTE TEXAS;13/02/2017;COTA;150.5;92.959
47017160;PTE TEXAS;13/02/2017;COTA;168;93.658
